review_id,company,rating,employee_type,review,pros,cons,date,job_title
WMT-0,Walmart,5.0,Former Employee,So much good like,Nice people for work with,Not many monies left for wife,2021-10-12,Cashier
WMT-1,Walmart,5.0,"Former Employee, less than 1 year",From an Asst Store Manager,"Advancement opportunities, great at developing skills, great place to learn a skill and grow your resume, or grow with the company.","Understaffing issues negatively affects all parts of their business. However, Walmart has increased their minimum hourly rate with hopes to attract more committed employees, and retain better employees.",2015-06-02,Assistant Store Manager
WMT-2,Walmart,5.0,"Current Employee, more than 10 years",Big enough to get lost or hide out in.,"Size and scope of the enterprise means that whatever your niche is, there is likely a team or product that wants your specialization. Living near the corporate headquarters is definitely a selling point. Northwest Arkansas was amazing when I first started and has only kept getting better.","It's a retailer not an IT company. It's got that baked into its bones and it shows sometimes with the decision/procurement process. Tech debt is pretty high in some areas and often it won't be addressed due to penny wise, pound foolish thinking. Northwest Arkansas and by proxy the Bentonville campus is liberal for the South but conservative for the tech industry standards. Sometimes people are waaaaayyyyy out of step with that reality and either want the Good Old Boy days to come back or can't understand why their deeply held views are labelled as being Social Justice Warrior-esque.",2021-11-11,Senior Staff Software Engineer
WMT-3,Walmart,2.0,Former Employee,served my time in Wally World,"Your typical soulless grind to earn Walmart another dollar of off my back. We're expendable, as I was told by a female Troll of a supervisor. Fantastic way to demonstrate how we are not valued as human beings or even respected out of decency.

 The job paid decently for the infamously cheap employer area and the hours were plentiful, albeit only because i had open availability. The insurance and benefits were terrible from what i heard, so i did not bother to sign up for any when my 6 months came up. The supervisors were nice and respectable, so that was a plus. Most of the coworkers were fine people, with the exception of one dwarf.

Suffice to say i did not do well in my role and was fired eventually, but i did not despair but rejoice as I was once more free and i laid my head down with a satisfied smile.",Start of shift and the dawn of the next day.,2021-11-26,Nunya Business
WMT-4,Walmart,4.0,"Current Employee, more than 5 years",Change is the only constant thing at Walmart,Endless opportunities for growth and promotions or movements into new areas of the business that you will gain experience and further leverage to know the business and be successful. Bonus payout tied to performance.,"Different orgs have different priorities and moving from one to another (such as operations to HR/Global people) you will find that topics in the office your former team would consider marginal and petty are actively embraced to enable associates who are insubordinate and require you earn their respect when you come in at a leadership level…in operations the associates are taught to act with urgency and move forward and take the guidance of leadership, regardless of how new they are to your team or not.",2021-11-03,Director
WMT-5,Walmart,2.0,Current Employee,Could be a lot better,There’s job security in the sense that retail is an industry that won’t be going anywhere for the foreseeable future. If you’re young the pay is okay.,"Pay is static through positions middle management like team leads. It’s not based on skill or how well you do, everyone gets paid pretty much the same unless you work on food side. Company does not pay holiday pay, you have to use your own PTO if you’d like to be paid the two days of the year the stores are closed ( thanksgiving and Christmas). The scheduling across all positions is much less than flexible than in the past. Team leads pretty much run the store, and if you close the store, it very well ends up as you running half of the store for $19/HR, which is just chump change for doing a job that used to pay 50-60k in salary. Overall not worth it.",2021-11-07,Electronics and Entertainment Team Lead
WMT-6,Walmart,1.0,"Former Employee, more than 1 year",Wal-Mart universe upside down backwards,Not working hard gets you rewarded. Training is only used in testing not actual daily performance. If you go to jail because of something you did at this job you are welcomed back.,"All ways do what they tell you or get voted off the island so to speak. It's takes one of your  piers 1 manager, 1 upper management to comment write you up. to get rid of you if they find a reason. Or simply clock in and out wrong on time clock, seconds count too. This sets you up to get fired quickly.For example if a associate stabbed some one with a knife and  goes to jail you'll get rehired back. Clock in and out wrong they won't ever hire you back again. This was a actual Instance that occurred while working there. You may be asked to do 5 different jobs none which you were hired for. No manager will back you up or fix anything you have a problem with. I went in a happy angel walked out soulless demon who hates people. But this is what Wal-Mart does to you and type of people who shop there contribute. Only leaving will you become a happy person again. Give Wal-Mart-5 stars for so many different reasons.",2021-11-25,Stocker
WMT-7,Walmart,3.0,"Former Employee, less than 1 year",Turnover high,"I’ll be forever grateful they hire people over 60. I couldn’t get a response from other local companies despite an excellent recent employment record. 

 The hourly crew on my shift was great, funny and supportive, as long as you weren’t a slacker.

Every week we got free bakery goods in the break room.","Other than that, it could be a nightmare. The work was extremely physical. I expected that but not the unsafe conditions. Example: When unloading delivery trucks, we were often doing unsupported heavy lifting above our heads. And there were always trip hazards around our feet. 

The HVAC system in the back died and it took them 2 weeks (Fla in summer) before they brought us fans. I had to change into dry clothes on my lunch break. BTW, employees use the public restrooms. There aren’t any behind the scenes. 

Training was too generic, nothing specific to the job. I wasn’t even given a box cutter the first day I was stocking on the floor! I saw that happen to many other newbies. We were supposed to make marks on boxes we didn’t finish but weren’t provided markers. 

Pay was better than fast food, $11, but unfair considering all the job entailed.",2021-11-21,Grocery Stocker
WMT-8,Walmart,4.0,"Current Employee, less than 1 year",Better then expected.,"*Reasonable Current Management
*Friendly but Professional Management
*Pleasant coworkers for the moment.
Can trust Dave and Tom, their performance is so exceptional that we all gain bonuses and benefits, and they advocate for our needs heavily.","Extremely rude, unreasonable, and hostile customers, making you have to be skeptical of their intentions even with something as benign as getting a car for them when you're not supposed to leave your post due to position.
Coworkers rarely know what their job entails, so whoever steps in to cover Self Checkout rarely knows that they need to watch the customer, not check them out at the front desk,which let's people easily steal.
Corporate is extremely disconnected from what it's like and what's needed to actually keep the store running and back backwards policies and requirementsthat run quality to the ground, or don't consider lack of staffing or minimal staffing situations.",2021-11-06,Asset Protection Associate
WMT-9,Walmart,4.0,"Former Employee, more than 1 year",great,"I enjoy using the mass email blast to remind my clients about promotions, discounts, etc. i think it's definitely worth the monthly spend! it keeps my day-to-day business steady and organized.","When an appointment is upcharged during service , the amount due is reverted back to the original booking causing the business to lose money.",2021-11-26,Customer Service Representative
WMT-10,Walmart,5.0,Former Employee,So much good like,Nice people for work with,Not many monies left for wife,2021-10-12,Cashier
WMT-11,Walmart,5.0,"Former Employee, less than 1 year",From an Asst Store Manager,"Advancement opportunities, great at developing skills, great place to learn a skill and grow your resume, or grow with the company.","Understaffing issues negatively affects all parts of their business. However, Walmart has increased their minimum hourly rate with hopes to attract more committed employees, and retain better employees.",2015-06-02,Assistant Store Manager
WMT-12,Walmart,5.0,"Current Employee, more than 10 years",Big enough to get lost or hide out in.,"Size and scope of the enterprise means that whatever your niche is, there is likely a team or product that wants your specialization. Living near the corporate headquarters is definitely a selling point. Northwest Arkansas was amazing when I first started and has only kept getting better.","It's a retailer not an IT company. It's got that baked into its bones and it shows sometimes with the decision/procurement process. Tech debt is pretty high in some areas and often it won't be addressed due to penny wise, pound foolish thinking. Northwest Arkansas and by proxy the Bentonville campus is liberal for the South but conservative for the tech industry standards. Sometimes people are waaaaayyyyy out of step with that reality and either want the Good Old Boy days to come back or can't understand why their deeply held views are labelled as being Social Justice Warrior-esque.",2021-11-11,Senior Staff Software Engineer
WMT-13,Walmart,2.0,Former Employee,served my time in Wally World,"Your typical soulless grind to earn Walmart another dollar of off my back. We're expendable, as I was told by a female Troll of a supervisor. Fantastic way to demonstrate how we are not valued as human beings or even respected out of decency.

 The job paid decently for the infamously cheap employer area and the hours were plentiful, albeit only because i had open availability. The insurance and benefits were terrible from what i heard, so i did not bother to sign up for any when my 6 months came up. The supervisors were nice and respectable, so that was a plus. Most of the coworkers were fine people, with the exception of one dwarf.

Suffice to say i did not do well in my role and was fired eventually, but i did not despair but rejoice as I was once more free and i laid my head down with a satisfied smile.",Start of shift and the dawn of the next day.,2021-11-26,Nunya Business
WMT-14,Walmart,4.0,"Current Employee, more than 5 years",Change is the only constant thing at Walmart,Endless opportunities for growth and promotions or movements into new areas of the business that you will gain experience and further leverage to know the business and be successful. Bonus payout tied to performance.,"Different orgs have different priorities and moving from one to another (such as operations to HR/Global people) you will find that topics in the office your former team would consider marginal and petty are actively embraced to enable associates who are insubordinate and require you earn their respect when you come in at a leadership level…in operations the associates are taught to act with urgency and move forward and take the guidance of leadership, regardless of how new they are to your team or not.",2021-11-03,Director
WMT-15,Walmart,2.0,Current Employee,Could be a lot better,There’s job security in the sense that retail is an industry that won’t be going anywhere for the foreseeable future. If you’re young the pay is okay.,"Pay is static through positions middle management like team leads. It’s not based on skill or how well you do, everyone gets paid pretty much the same unless you work on food side. Company does not pay holiday pay, you have to use your own PTO if you’d like to be paid the two days of the year the stores are closed ( thanksgiving and Christmas). The scheduling across all positions is much less than flexible than in the past. Team leads pretty much run the store, and if you close the store, it very well ends up as you running half of the store for $19/HR, which is just chump change for doing a job that used to pay 50-60k in salary. Overall not worth it.",2021-11-07,Electronics and Entertainment Team Lead
WMT-16,Walmart,1.0,"Former Employee, more than 1 year",Wal-Mart universe upside down backwards,Not working hard gets you rewarded. Training is only used in testing not actual daily performance. If you go to jail because of something you did at this job you are welcomed back.,"All ways do what they tell you or get voted off the island so to speak. It's takes one of your  piers 1 manager, 1 upper management to comment write you up. to get rid of you if they find a reason. Or simply clock in and out wrong on time clock, seconds count too. This sets you up to get fired quickly.For example if a associate stabbed some one with a knife and  goes to jail you'll get rehired back. Clock in and out wrong they won't ever hire you back again. This was a actual Instance that occurred while working there. You may be asked to do 5 different jobs none which you were hired for. No manager will back you up or fix anything you have a problem with. I went in a happy angel walked out soulless demon who hates people. But this is what Wal-Mart does to you and type of people who shop there contribute. Only leaving will you become a happy person again. Give Wal-Mart-5 stars for so many different reasons.",2021-11-25,Stocker
WMT-17,Walmart,3.0,"Former Employee, less than 1 year",Turnover high,"I’ll be forever grateful they hire people over 60. I couldn’t get a response from other local companies despite an excellent recent employment record. 

 The hourly crew on my shift was great, funny and supportive, as long as you weren’t a slacker.

Every week we got free bakery goods in the break room.","Other than that, it could be a nightmare. The work was extremely physical. I expected that but not the unsafe conditions. Example: When unloading delivery trucks, we were often doing unsupported heavy lifting above our heads. And there were always trip hazards around our feet. 

The HVAC system in the back died and it took them 2 weeks (Fla in summer) before they brought us fans. I had to change into dry clothes on my lunch break. BTW, employees use the public restrooms. There aren’t any behind the scenes. 

Training was too generic, nothing specific to the job. I wasn’t even given a box cutter the first day I was stocking on the floor! I saw that happen to many other newbies. We were supposed to make marks on boxes we didn’t finish but weren’t provided markers. 

Pay was better than fast food, $11, but unfair considering all the job entailed.",2021-11-21,Grocery Stocker
WMT-18,Walmart,4.0,"Current Employee, less than 1 year",Better then expected.,"*Reasonable Current Management
*Friendly but Professional Management
*Pleasant coworkers for the moment.
Can trust Dave and Tom, their performance is so exceptional that we all gain bonuses and benefits, and they advocate for our needs heavily.","Extremely rude, unreasonable, and hostile customers, making you have to be skeptical of their intentions even with something as benign as getting a car for them when you're not supposed to leave your post due to position.
Coworkers rarely know what their job entails, so whoever steps in to cover Self Checkout rarely knows that they need to watch the customer, not check them out at the front desk,which let's people easily steal.
Corporate is extremely disconnected from what it's like and what's needed to actually keep the store running and back backwards policies and requirementsthat run quality to the ground, or don't consider lack of staffing or minimal staffing situations.",2021-11-06,Asset Protection Associate
WMT-19,Walmart,4.0,"Former Employee, more than 1 year",great,"I enjoy using the mass email blast to remind my clients about promotions, discounts, etc. i think it's definitely worth the monthly spend! it keeps my day-to-day business steady and organized.","When an appointment is upcharged during service , the amount due is reverted back to the original booking causing the business to lose money.",2021-11-26,Customer Service Representative
WMT-20,Walmart,4.0,"Current Employee, more than 3 years",Free Schooling,"Able to meet some interesting characters.
Free Schooling benefits for pt and ft employees through the Live Better U! education program.
Flexible with scheduling my days off.","Leadership can be difficult to work for at times.
Easy to get ""lost in the crowd"" with so many employees.
Quite a bit of rules and regulations that are fireable offenses.",2021-11-25,CAP2 Associate
WMT-21,Walmart,5.0,Former Employee,Decent part time job!,"Decent money
Excellent benefits
Growth opportunities
Flexible schedule","Mixed leadership
General public 
Negative company perception",2021-11-27,Stocking Associate
WMT-22,Walmart,2.0,Current Employee,Not the most motivated place to work,"Good benefits
Co-workers become family
Good resources on the company portal
Continuing education resources
There's a great push on Diversity and Inclusion in the Metro areas","Aggressive company to rank among the retail work
Associates pay isn't the best 
Upper management has a lack of compassion towards associates and/or lower management
No work/life balance once you have reached salary position
Not a lot of talent that gets promoted
Always playing catch up and never able to teach and train",2021-11-14,General Merchandise Manager
WMT-23,Walmart,4.0,"Current Employee, more than 5 years",Great Starting Job,"When i first started, i liked working for walmart. they are a great place to work with good pay for a starting job or some people make a career out of it. they also will assist in paying to help further your education which i think is great.","some of the downsides i found over my almost 6 years is the community. each store is way different than the rest which can be good but how some stores do things and manage situations is different from other stores. at the time that im writing this, there is a lot of logistical problems going on. so a problem is that customers would come in expecting items to be there and they arent. this has become a nightmare for associates. 

Another big con i have found is the management training. salaried management goes through the same training and is pretty universal. the lack of training i have found is in the team leads. to me it seemed like there was little leadership training and more task delegation training to fit that boss or manager role and not the ""team leader"" role.",2021-11-21,Ecommerce Associate
WMT-24,Walmart,2.0,Current Employee,Job is not worth the headache,"- the money is some of the best in this city for a job with no experience required
- it is simple to learn
- work never really changes, always the same. Sometimes there is more to stock, sometimes less","- management does not work well with associates and themselves (There is no communication and suggestions by associates to management for improving processes will be ignored)
- High expectations for stocking times despite not having enough staff/ not scheduling enough staff
- Management consistently lies and corporate policy is either disregarded or not followed
- they discourage you from using the time off you have EARNED and threaten reprimanding you if you leave early by using this time in the guise of ""productivity"".",2021-11-16,Overnight Stocker
WMT-25,Walmart,1.0,"Current Employee, less than 1 year",a racist company to work for!,"overall, has some great benefits!",management and departments forced to good employees!,2021-11-26,Seasonal TA
WMT-26,Walmart,5.0,"Current Employee, less than 1 year",Easy Money,"Easy Money. Relaxed atmosphere. Good Exercise. Hour Lunch and 2, 15min, breaks. Nice Managers. Helpful Co-Workers. No Customers for most of the night so unbothered work.","On feet all night, lifting, bending, squatting, and climbing. Some naggy coworkers",2021-11-27,Overnight Stocker
WMT-27,Walmart,3.0,"Current Employee, less than 1 year",Can get overwhelming at times but decent pay,"$14 an hour starting pay.
Depending on what role they have you some are easier than others. 
- Dispensing: Bring the order out to the customer.
- Staging: You help organize the location of customers' orders for the dispensers.
- Picking: You go out throughout the store and pick the customer's orders. 

Our store is not always running at full capacity and we have to shut down because we simply do not have enough people. 

There really aren't that many pros other than $14 an hr.","Generally the whole business strucutre in terms of managemnt/leadership.
Sometimes impolite customers but Online Pickup and Delivery (OPD) customers are generally better than the sales floor customers.

Dispensing can and will get tiring, sometimes it feels like people be ordering the whole store. 9/10 times a customer's item in an order will be substituted. Our job is 100% reliant on technology, if there are system shut downs it's gonna be a long day.

Team leads are constantly nagging you to stay busy. Sometimes making you do busywork. 

getting pulled to do stocking or do front-end returns.

Working at Walmart in general has a high turnover. I don't recommend working for Walmart for a long time. No one ever stays long enough to get good at what they do.",2021-10-05,Online Personal Shopper
WMT-28,Walmart,2.0,Former Employee,"Very demanding, district manager says","Good pay for managers, good 401(k) match, a good bonus if you work in a good profitable store. A good company to invest money in but I wouldn’t recommend working there if you’re looking for a long-term job life time job. I only had 2 good store managers in my 20 year career.","District manages and up can be pleasant but some are real unpleasant. It’s the lucky if you work for a decent manager and they either help creat a good working atmosphere or make a hostile negative working environment.
Company has very high turnover. Most stores turn over were 80-120 percent. If you didn’t go over that goal then you were doing good. I think this speaks for itself.",2021-11-21,Co-Manager
WMT-29,Walmart,3.0,"Current Employee, less than 1 year",Good job to start in automotive but not the best,"Basically the reason why you'd have this job is because you're either down low, or want the benefits. Free education (not actually any good universities except for arizona state, but not that many good programs. Somewhat okay healthcare, if you're military this job is great if you're going to college due to military differential pay.","Customers absolutely suck. I'm not a patient person and dealing with customers who read one thing on the internet are insufferable and have no idea how businesses work and try to undermine my expertise (i'm also a blackhawk mechanic in the military) if you are really good at your job you will be able to get promotions fast, but that comes with practically living at the store especially if you are understaffed like every other ACC",2021-10-25,Auto Technician
WMT-30,Walmart,4.0,"Current Employee, less than 1 year",Decent job if you have good supervisors,Walmart pays better than a lot of retail jobs and the store I work at is clean. My supervisors are kind to me and that makes a big difference.,"Making the apparel section not a mess every day gets tiring and frustrating. Many customers have no respect for the store and the merchandise, leaving things all over the floor. Depending on who the supervisors are, you may get a lot of or no appreciation. Some of them are kind and some are very unkind.",2021-11-06,Apparel Team Member
WMT-31,Walmart,5.0,"Former Employee, more than 1 year",Great for the time,Plant care and outdoor work. You are kept busy and get to work multiple tasks. I had a lot of fun working here and the work was fulfilling.,"It is seasonal and you will have to work in other places in the store during fall and winter. But this also has its benefits. Heavy lifting (although I enjoyed the manual labor of the job, most do not). $.",2021-11-21,Lawn &Garden Associate
WMT-32,Walmart,5.0,"Former Employee, more than 1 year",Loved Walmart not the Managers,I loved working at Walmart it was awesome great working environment amazing people to work with until it came to the management,Management sucked all they cared about was them and if they were able to be at home with there family didn’t give a crap about you and yours,2021-11-16,Fresh Production Associate
WMT-33,Walmart,3.0,"Current Employee, more than 1 year",Has its good days and bad,"Good teamwork, easy work, good place to make friends if you’re social, you can also keep to yourself shopping all day if you aren’t that social, good diversity","Gave us a raise but took away our bonuses so it barely made a difference, things constantly changing when it’s not for the better, dispensing in the rain/heat with no cover and not enough help is agonizing, penalties for our department if the shelves aren’t stocked correctly, customers can easily scam us and get away with it. It’s just very easy but if it was any harder of a job i would quit.",2021-11-16,Digital E-commerce Shopper
WMT-34,Walmart,4.0,"Current Employee, more than 1 year",Take the good with the bad,"You can really find community within your department, sometimes also with management as an associate. There really is someone for everyone to get along to. Pretty good for long term work.","The pay for some departments is really unbalanced. Some people work the hardest and get paid the least, and thats often a problem. You really really have to be involved in your own progress, you wont receive feedback unless you hunt down your manager, and even then they almost never have anything productive for you to work on. As such it's harder to get promoted if you dont know what you're doing wrong. The hours are inconsistent most of the time, especially for upper management. High expectations but zero accountability for the lack of help you receive",2021-11-05,Online Grocery Pickup
WMT-35,Walmart,4.0,"Current Employee, more than 1 year","Company good, depends locally.","You can work as many hours as you want, shifts go by quickly because you can stay busy, lots of variety in duties and helping customers is always interesting. Great opportunity to become close with co-workers.","All of the above are dependent on local management... majority of those who quit from my store say it is management. They will probably schedule you maximum hours and may try to schedule outside of availability. Punishment by ""points"" for calling in, 6 points within certain time frame means you get fired. No holiday pay, double points for calling in on these days. Time-off requests may be denied, even using PTO.",2021-11-06,Electronics Associate
WMT-36,Walmart,5.0,"Current Employee, less than 1 year",Excellent,"Full time employee-401k, health/dental benefits, PTO, Stocks (matched 6% for every $1",Nothing I've seen so far has been negative.,2021-11-26,Online Shopper
WMT-37,Walmart,3.0,"Former Employee, more than 5 years",It only takes one.,"I loved working with people as management. This position is very high-paced (I’d typically walk roughly 9 miles a day) and also very rewarding to develop associates to achieve a non-stop increase of companies expectations. The company offers a lot of opportunities, provided the motivation to grow is proven by dedication.","It only takes one senior level management to tarnish an other-wise respectable image. Vice Presidents, Regional Managers and other senior leadership are far too busy to actually be leaders and allow they’re subordinates to operate as they please. Claiming plausible deniability actually still works out for them. The term leadership is disgustingly misinterpreted, the “open door” policy is a joke and just like the rest of all giant corporations, they genuinely do not care about the little people whom they rely on and with no thought of morality will throw you away in a heartbeat. It doesn’t matter how much extra you did for them or how much time you spent away from your aging children to be a “team player”. At the end of the day, we’re all replaceable and loyalty, compassion and fair treatment are merely power words used to make us feel like a member of a family.",2021-10-19,Field Assistant Manager
WMT-38,Walmart,4.0,"Former Employee, more than 1 year","Each location has it's own attributes, I happen to be in a great location!","Associates are one big family, who were always willing to assist when needed.","Network infrastructure both within the store and on the network overall could use some upgrades. WIFI signal near the outer walls could use boosting, as well as network processing times when querying seemed to lack even during off-peak times.",2021-09-21,Department Manager
WMT-39,Walmart,4.0,"Current Employee, less than 1 year",Its Great,"Good pay, Education help, and more",Not really anything other than tedeus tasks but its alright,2021-11-26,Sales Associate
WMT-40,Walmart,3.0,Current Employee,Pretty okay,"As long as you got some friends and a decent work schedule that doesn’t stray into different times during the day, you should be good. A pro tip would be to stretch everything in your body, especially if you’re new. It may seem like a lot to do at first, but like everything in life you gotta go through hardships to be grateful for the present. If you didn’t get that, it means everybody struggles at some point but everyday is a step forward from where you were yesterday.","If anything, just make sure you have a lot of patience and knowledge to deal with customers and people in general. Also, make sure to always ask for help from others.",2021-11-23,Online Shopper
WMT-41,Walmart,4.0,Current Employee,Decent Job,"Flexible hours, easy work, friendly environment","long hours at times, poor management",2021-11-26,Self Checkout Host
WMT-42,Walmart,2.0,"Former Employee, more than 5 years",Undervalued and Underpaid,There are honestly no pros for working for this business. The cons outweighed the pros being part time imo.,There are so many that I can't even imagine speaking on them because listing the reasons will drain the life out of you. The business sucks please just trust me lol.,2021-11-06,Front End Cashier
WMT-43,Walmart,5.0,"Current Employee, more than 8 years",Best of the Bunch,Pharmacy software is user-friendly and there are many safeguards to prevent errors throughout the process of filling a prescription. There is typically more coverage and less focus on metrics than other retail pharmacies.,"Pharmacy software is slow and bulky. Walmart uses Facts & Comparisons for drug information, which is one of the worst available to pharmacists. The company's attempt at inventory automation made the situation worse.",2021-11-19,Pharmacist
WMT-44,Walmart,4.0,"Former Employee, more than 3 years",Not a shabby job for work experience and development,"* Fair PTO & PPTO
* Opportunities to advance are there for exceptional workers
* Scheduling on the app was a solid move","* Some days overloaded with responsibility (to the point where you are set up to fail honestly)
* While PPTO is no problem (albeit some stern talking from HR) almost impossible to use PTO any less than a month and a half
* Petty drama and office politics that are neigh impossible to escape",2021-11-12,Academy Trainer
WMT-45,Walmart,1.0,"Former Employee, more than 5 years",Hell on earth,Well I guess the pay was decent and I met some really amazing customers who really appreciate your work,Everything from the discrimination to the favoritism to the retaliation as well as slander and just plain hostile gross work environments and those who try to follow Walmart policy and health codes the way that customers hope that they would get fired for unjust false reasoning and when you report it to home office home office does not give you a second chance doesn't even look into it they take the managers word for it and that's it even if you have recordings documents pictures witnesses and police reports,2021-11-10,Cake Decorator
WMT-46,Walmart,4.0,Former Employee,Walmart’s awesome!,"Work from home, they provide you with all the equipment you need to get the job done and it’s all top notch electronics, there’s never really any issues with their stuff or their network. Even though you’re working remote you still have instant access to leadership, tech support and peers.","They put a lot of emphasis on having built a solid foundation, anchored by four core values that they fail to uphold. Companies don’t have to have “core values” to be successful so I find it very shameful that they went out of their way to conjure up such a facade, just to run it through the mud.",2021-11-08,Chargeback Specialist
WMT-47,Walmart,2.0,"Current Employee, less than 1 year",Both what I thought and not what I thought.....,The people I work with and the 10% discount card,"The ""task times"" given to complete stocking shelves. Make you park nearly as far away as possible. The paperwork received at orientation states that WalMart understands that you can't be expected to be available to work 24/7, 365. But if and when you do call in or have to leave early, points are given to you against attendance. At 4.5 points, they start looking to replace you. At 5 points---you are gone.",2021-11-19,WalMart Overnight Stocker
WMT-48,Walmart,4.0,"Current Employee, less than 1 year",engineer,"Good culture,PT0,401K,
Employee reviews are generally of very good quality, provide complementary views and give a good picture of the organization. All SaaS, easy to use, fast, immediate results.",There are times where not all companies have enough information and the reviews on some are very old and can be misleading.,2021-11-22,Anonymous Employee
WMT-49,Walmart,4.0,"Former Employee, less than 1 year",Surprisingly Okay,"The pay was decent for a part-time, entry-level position. Note: the online order fulfillment positions pay more than the floor associate positions. I found the culture at my store to be surprisingly chill and supportive. I found myself regretting that I had to quit, because I enjoyed the people and the environment.","The only downside I can report is the physicality of the work. Then again, I'm no spring chicken. For a young person working through school or looking for a career foothold in a stable company, I think this is a great opportunity. But if you're middle-aged with some physical issues, I would exercise caution. There's lots of repetitive, moderately heavy lifting (40-packs of bottled water seemed to be the most common offender here) which is fine if you use good lifting techniques. --Lift with your legs--keep your back straight-- But when you are trying to load heavy products into a customer's junky back seat, you may find yourself compromising your back just to get the job done. Also, there are times that are chaotically busy. The trick is not to lose your cool, no matter how frazzled you feel.",2021-09-09,Online Grocery Associate
WMT-50,Walmart,5.0,Former Employee,Cashier position,Always something to do . No idleness,Flexibility demand is high so inflexibility when comes to scheduling.,2021-11-26,Cashier
WMT-51,Walmart,4.0,Current Employee,Good company to work for,Lunch break 30 min. Great 401 k match. Most help tech wise than any other retail pharmacy,Walmart has the most rules and regulations to follow out of any retail pharmacy. You must follow every sop procedure,2021-11-24,Pharmacist
WMT-52,Walmart,3.0,Former Employee,"It's hard to recommend, but it could be worse I guess...","People are typically nice and polite. I've met some amazing people. I loved the culture of servant leadership from the top. 
Can get exposed to a lot of different subjects/industries.
Some areas have great teams and work cultures.
Doug, the CEO, seems really great and can help employees feel bought into the mission. 
Does some great Corporate Responsibility and Diversity, Equity, and Inclusion work.","LOTS of layoffs. I had my roles eliminated 3 times in 7 years. 
Employee experience varies widely. Some teams are great, some are bad. Onboarding as an external candidate is really hard, especially because it's so big. 
Getting promoted within the company can be really challenging. I had a terrible time in every role , even when I was really successful in role. 
Plays favorites. A select few are very successful and the rest of overworked and undervalued. 
They also blatantly try to keep your wages as low as possible. 
I never felt valued for my contributions or work. 
Treats their employees like cogs in a machine. 
Performance evaluations are biased, unhelpful, and frustrating. 
Culture is so operations and action focused that strategy can go out the window. Lots of people spend most of their capacity on short term, high stress, crisis problem solving. 
So fast paced and understaffed that every job is designed to be 1.5-2 jobs. Achieving anything and being recognized for your contributions is really hard.
Workaholic culture. It's better then it used to be but still high stress.",2021-09-22,Project Manager
WMT-53,Walmart,5.0,"Former Employee, less than 1 year",My time at Walmart,"My experience working for Walmart great. I enjoyed the work that I performed, most of my coworkers, my supervisor and the assistant manager over our department. I felt the benefits for the job that I held was appropriate and should be expected. Walmart has many programs for employees that are trying to better themselves if an employee only apply themselves.",Pay and benefits fit the positions. I don't know why a person would expect more from unskilled jobs though.,2021-11-15,Tire & Lube Express (TLE) Technician
WMT-54,Walmart,5.0,"Former Employee, less than 1 year",Good,Good hours and nobody is on top of you to get work done,Managers expect too much of new employees,2021-11-25,Stock Associate
WMT-55,Walmart,5.0,Current Employee,Walmart distribution,Pay is good and the shift is good and management is good,U have to be in shape,2021-11-26,Walmart DC Order Filler
WMT-56,Walmart,4.0,Current Employee,Walmart in a nutshell,"Consistent schedules and good pay, if your store dose well you can get a nice bonus every qurter (every 3 months) management in my current store is very friendly","In most stores there is little to no communication with management, unrealistic expectations and if you ever step up in management your position may get deleted at any time, so there is little to no job security,",2021-11-17,Overnight Sales Associate
WMT-57,Walmart,4.0,"Former Employee, less than 1 year",Acceptable,"Straightforward, typical, fairly predictable, and mostly friendly co-workers","Managers not on the same page, seasoned co-workers see their way as the best way",2021-11-22,Cashier
WMT-58,Walmart,5.0,Current Employee,Store Project Coach,Rewarding. Seeing project from start to finish is really gratifying. Teaming with the Stores to complete a project.,Working nights takes some getting use to.,2021-11-25,Store Project Coach
WMT-59,Walmart,5.0,"Former Employee, less than 1 year",Walmart sales associate experience,Flexible hours and friendly working environment,Rude customers and dirty store,2021-11-25,Sales Associate
WMT-60,Walmart,5.0,"Former Employee, less than 1 year",Walmart sales associate experience,Flexible hours and friendly working environment,Rude customers and dirty store,2021-11-25,Sales Associate
WMT-61,Walmart,4.0,"Former Employee, more than 3 years",Good place to work,Gave u your assignment and let you be,The pay for night stalker,2021-11-26,Overnight Stalker
WMT-62,Walmart,4.0,Current Employee,Not a bad job,"Choose your own hours, relatively high pay",A lot of physical activity,2021-11-25,CAP2 Associate
WMT-63,Walmart,5.0,Former Employee,Great Time,"The company description section of your business plan is typically the second section, coming after the executive summary.1﻿ The company description outlines vital details about your company, such as where you are located, how large the company is, what you do, and what you hope to accomplish.2﻿


The company description of your business plan describes the vision and direction of the company so potential lenders and partners can develop an accurate impression about who you are.3﻿


What to Include
The exact elements included in your company description can vary, but some elements are more common than others and most likely should be part of the section:

Company name: The official name of yo","That’s right, company stories are not just for tech start-ups. Every business, no matter how big or small, needs to tell a story on their website. It’s just another step towards building a better website for your small business.
Having a story to share on your website is a great way to attract new customers. Remember that people choose to hire professionals that 1) They like, 2) they trust, and 3) they feel like they know. The same holds true for businesses – we’re people after all.

Writing an effective description for your small business is easier than you think.

We’ll show you how to write an effective business description using the power of storytelling. Follow our simple guide to create your own small business description in less than 20 minutes.",2021-08-10,Customer Service Representative
WMT-64,Walmart,5.0,Former Employee,OGP Associate,"Almost everyone is super welcoming and nice
Pretty good pay
Super active
Awesome team leads and coaches","A few pretty bad drama starting associates especially in OGP, you’ll quickly catch on with that if you join the team
Depending on your work schedule, you’ll either be expected to stay over your scheduled lunches to help or need to stay late after your scheduled clock out time cuz we’re often short of associates in OGP.|",2021-11-09,Walmart Online Grocery Pickup
WMT-65,Walmart,5.0,Former Employee,Great company overall,"Work is enjoyable, pays well",Short staffed almost all the time,2021-11-24,Sales Associate
WMT-66,Walmart,4.0,"Former Employee, more than 1 year",Good pay for a quick job,Decent pay for the ease of getting the job.,Work load can sometimes be over whelming.,2021-11-24,Sales Associate
WMT-67,Walmart,5.0,Former Employee,Good,Easy with good hours yeah,Pay was too small for me,2021-11-26,Cashier
WMT-68,Walmart,5.0,Current Employee,GREAT WORK,"Flexible hours
great benefits and insurance","Low wages
Not supporting their employee's",2021-11-25,Sales Associate
WMT-69,Walmart,4.0,"Former Employee, less than 1 year",GOod pay,"Great pay, good co workers",Not really any cons tbh,2021-11-25,Warehouse Associate
WMT-70,Walmart,4.0,"Current Employee, more than 5 years",You can grow!,"Work smart, work hard, and follow the rules will get you noticed. There is growth opportunity that will enable you to grow in position and in wage.",The rules are strict but fair. Bad habbits are not tolerated,2021-11-19,Coach
WMT-71,Walmart,4.0,Current Employee,Great company to work at and nice coworkers,Nice culture. People are passionate about making a difference.,Lots of layers in the org,2021-11-24,Senior Manager
WMT-72,Walmart,5.0,Current Employee,Great Entry Job,This job is a great entry into the world of retail. You build retail and people skills over time and the tools they give you are very helpful. Pay is good for a first job and you also get access to a lot of benefits such as LiveBetterU. LBU is a program by Walmart to offer online university/college classes entirely paid off by Walmart! They offer about 10 different schools and a lot of different career paths.,"I have no major cons about Walmart. 
Sometimes it does get busy and overwhelming on certain days. But that is with every retail store.",2021-11-03,Consumables Associate
WMT-73,Walmart,4.0,Current Employee,"Not easy, just like every other job","Flexible work schedule
Easy to get the job (especially if you are applying to be an up front cashier)","You can be pushed around.
Can get fired easily if a manager doesn't like you.",2021-11-17,Entertainment Team Member
WMT-74,Walmart,4.0,Current Employee,Results may vary,"Benefits and pay can be very great all around. The distribution center I transferred from was a great facility. The % quotas can seem extreme at first, but as you work for the dc longer they seem more fair. Especially as a order filler.","Safety at some locations is a low priority, especially at retail side.
Manager expectations can be extreme and unclear. They only have a broad task time that doesn't acount for how fast you actually work. With por management this can be a problem for new hires. I had a write up for production in my first month of working here with out a clear explanation. 
I had no problem with production at my dc job and was able to average 50 to 70% above the 100% expectation. Wich is much harder to do than stock shelves.
If you work at Walmart it can be a gamble of whether management will be fair with you.",2021-10-03,Over Night Stocker/Night Crew
WMT-75,Walmart,4.0,"Former Employee, less than 1 year",Great for a Summer Job,"- Pay was great
- Good upper management
- Work was not bad as long as you knew about you department.","- Hours for younger/newer employees varied
- Could be pulled from your department if others were low on employees",2021-11-21,Electronics Sales Associate
WMT-76,Walmart,3.0,"Current Employee, more than 5 years",Salary,Good company culture and programs for hourly associates.,"You are incredibly expendable They do a lot of talk about work being like a “family” but at the end of the day, corporate will pay off the best associate if they need to cut back on OH.",2021-11-27,Program Lead
WMT-77,Walmart,4.0,"Former Employee, more than 1 year",I recommend,I liked the environment of my co workers.,The customers can be rude sometimes and the hours are short.,2021-11-25,Cashier
WMT-78,Walmart,3.0,"Current Employee, more than 3 years","Walmart is the best pharmacy, but there is never enough help",Walmart's benefits are pretty great.,"Upper management has no clue how much workload we have, and tries to push on more and more without hiring more help. Even if we have our backs against the wall, OT is never allowed for tech except in very rare circumstances. You will be pulled in every direction from the moment the day starts until it ends. I will say that it is better than working at CVS or Walgreens, but that's not saying much.",2021-09-20,Pharmacy Technician
WMT-79,Walmart,2.0,"Former Employee, less than 1 year",Unorganized,Co workers are really great. Very friendly and helpful to each other.,"Management is very unorganized and rude. They don’t schedule enough employees to cover their departments in order to keep their bonuses and expect the work to be done, and they sweat you over getting it done, even though they know they didn’t schedule enough people.

The lunch room is dirty and also doesn’t accommodate the amount of people who need a place to eat their lunch.

They make employees feel like they could lose their job at a moment’s notice over petty things. I have seen good, hard working people worked to the point of exhaustion and made to feel like they didn’t do enough.

My supervisor spoke Spanish and English, but would mostly speak Spanish. She told me that if I wanted her to speak to me, I needed to learn to speak Spanish.

When I left, they asked me to stay because I’m a good worker. NOPE. I deserve a better environment than that.

I will never work for Walmart again and I don’t recommend it.",2021-10-26,Fresh Area
WMT-80,Walmart,5.0,"Current Employee, more than 3 years",Good place to start,"Supporting team, potential growth to move up the ladder.",Have to work on holidays,2021-11-23,Sales Associate
WMT-81,Walmart,5.0,"Current Employee, more than 1 year",A great job,"hours are flexible
good pay rate
401k
offers dental,vision,pharmacy benefits insurances
get quarterly bonuses","mentally exhausting
alot to learn
consistently learning
knowing how to prioritze tasks
fast pace with pressure",2021-11-23,Certified Pharmacy Technician
WMT-82,Walmart,4.0,"Former Employee, less than 1 year",Decent job for young adults,Nice pay for young adults who don’t have real bills yet.,Customers can be very annoying.,2021-11-24,Sales Associate/Cashier
WMT-83,Walmart,4.0,Former Employee,Good Pay,$16 an hour to start in my area,Depending on management pov on the job ranges,2021-11-25,Sales Associate
WMT-84,Walmart,4.0,"Former Employee, less than 1 year","Great Company, Fun Job, But Hit or Miss Management","-Excellent benefits
-Decent base pay when compared to other entry level jobs
-Excellent hiring/recruiting website
-High potential for a long term career (can be dependent on management)
-Enjoyable jobs
-Largest retailer","-Hit or miss management and associates across stores
-Higher risk of discrimination (though the company tries to completely minimize it)
-Often, workplace ethic is lacking
-There are better entry level opportunities with higher potential that also have higher base pay with other companies",2021-10-17,Walmart Online Grocery Pickup
WMT-85,Walmart,4.0,Current Employee,Good company,"Good salary
Meet and engage with many different types of people",Retail big box sometimes demanding,2021-11-25,Store Manager
WMT-86,Walmart,5.0,"Former Employee, more than 1 year","You're Gunna Go Far, Kid (at Walmart!)","I was given achievable goals and an adequate amount of time to reach them. In turn, I was able to challenge myself to go beyond what was expected. I was never pushed to do more than I could manage. This made me confident in myself and my work. At Walmart, I felt that no matter how small my ""cog in the machine"" was my work mattered just as much as the head of the establishment.","As a member of the Modular Team, our primary role was to make changes. In some instances, it was neccessary for us to have to think on our feet, making adjustments to prior plans. I found the challenge fun and rewarding although at times, the sudden pressure of completing an additional high priority task nearing the end of a shift could really throw a wrench in the perfectly timed task already in progress. It would change a previously fun challenge into a stressed situation. I've seen where is hurt the progress and morale of the team.",2021-11-03,Modular Team
WMT-87,Walmart,4.0,Former Employee,It was alright,"Being able to work with friends,","All depends on your manager, they can make or break your day.",2021-11-23,Fresh Cap II Associate
WMT-88,Walmart,5.0,"Former Employee, more than 1 year",great,They care about employees loved working here,I don't have anything negative to say,2021-11-24,Anonymous Employee
WMT-89,Walmart,3.0,"Former Employee, more than 3 years",I quit,Discount card ok scheduling if u have the right people. Pretty good off days if you are lucky. Some cool people ok team leads. Sometimes apps cash but you can’t help it cause it’s technology.,Toxic team leads. Some lazy workers. Toxic team leads tht most people will quit because of them personally. If you have the right ppl it’s a cool place to work. Team leads making your go into panic attack.been here three and a half years quitting cause I’m up under a team lead that cost me my mental health,2021-11-17,Stocker
WMT-90,Walmart,5.0,"Former Employee, more than 1 year",great,They care about employees loved working here,I don't have anything negative to say,2021-11-24,Anonymous Employee
WMT-91,Walmart,3.0,"Former Employee, more than 3 years",I quit,Discount card ok scheduling if u have the right people. Pretty good off days if you are lucky. Some cool people ok team leads. Sometimes apps cash but you can’t help it cause it’s technology.,Toxic team leads. Some lazy workers. Toxic team leads tht most people will quit because of them personally. If you have the right ppl it’s a cool place to work. Team leads making your go into panic attack.been here three and a half years quitting cause I’m up under a team lead that cost me my mental health,2021-11-17,Stocker
WMT-92,Walmart,1.0,Current Employee,Mismanaged and understaffed,Good benefits. Okay pay for area.,"Promotions are not because of merit, instead handed out to those who are friendly to Store Managers, and who promise big things. There is no follow through or accountability. Higher ups don’t listen to associates, and benefits are slowly being cut. 
They don’t provide necessary equipment, and expect areas to be perfectly maintained even when staffed at 40% (or lower!) at one point I had a one person ‘team’ (instead of the 6-9 I should have) and yet I was still expected to perform as of fully staffed. Training is negligible and laughable, even higher ups and salaried don’t know proper policy, and they refuse to listen to subordinates, often treating them as lesser.",2021-11-17,Seasonal Team Lead
WMT-93,Walmart,5.0,"Current Employee, more than 8 years",Good job,Money is good management level,"Work life balance,culture,,associate friendly need more concern",2021-11-24,Store Co-Manager
WMT-94,Walmart,4.0,Current Employee,Hard Work,"Flexible schedules if they know you are in school
Pay is okay","Really busy
not enough people
Need more organization",2021-11-24,Personal Shopper/OGP
WMT-95,Walmart,3.0,"Former Employee, more than 3 years",It’s All a Game… Just Play It Well,"If you make friends easily and are fine with being cross-trained, it’s a great place to work. Their 401k plans and disability insurance are great. The people make the company what it is and you will meet some amazing people here. For short-term or college students, this is a great place to work. I’ve met some of my best friends here and the environment is so much fun when your coworkers are your friends.","If you don’t play into the politics or the system of the store, you’re gonna get screwed. There is a lot of favoritism and lots of people don’f like playing by the book. Depending on the area (specifically service areas like OGP or Automotive), you will get crumby hours to fit the needs of the department and if you close, you’re likely going to be one of the few closers who do it well or enjoy doing it. Long-term, I would not stick here unless you’re in a higher-up position or competitive.",2021-10-10,Anonymous Employee
WMT-96,Walmart,2.0,"Current Employee, more than 10 years",Could be a lot better,"Half decent money, but they did a lot of shady stuff in the last ten years so no one is making what they should be making.","*Constantly* changing work policies and methods from one year to the next. Everything new in 2020/2021 has been a disaster so far. Always short handed, supervisors getting laid off and having their pay removed because their raises were higher than the new cap for the lower position they were forced into. New phones they give out to associates still don't even work right. Missing key programs on 'new' system from 2015. Smart system that was supposed to be 100% gone by 2015, still around because the home office wont hire good programmers to make appropriate apps for remaining old systems. Regular associates being forced to take on duties that were once supervisor only. Have been told that associates are now basically department managers. Associates now forced to cover up to 4 departments at once instead of just one. Removed many supervisor positions to consolidate payroll. Now Team leads must cover multiple departments instead of just one. Cost cutting to the extreme, company no longer cares about associates who are not interested in climbing the crooked ladder. Quarterly Bonuses were removed and replaced with an hourly raise that did not equal even 50% of the average bonus. Used to get $300 average quarterly bonus for a regular associate. replacement raise equals to less than $150 per quarter. Corporate have replaced carrot with stick. Were given PPTO to shield from tardy points, only to have it eat into regular PTO and have rates adjusted so associates get less total PPTO&PTO overall now.",2021-08-20,Sales Associate
WMT-97,Walmart,4.0,"Current Employee, less than 1 year",Deli/Bakery,"Good base pay, health benefits, $22 an hour for overtime.",Minimum 30 minute unpaid lunch must be taken.,2021-10-28,Deli%2FBakery Associate
WMT-98,Walmart,4.0,Current Employee,.,Potential for growth in the company.,Benefits aren't the best out there,2021-11-24,QA Manager
WMT-99,Walmart,4.0,Former Employee,Stressful,Good money. A ridged schedule that I could work my days off around. Consistency of the work I was doing. Health insurance.,"They will work you to your bone. The store is very noisy. There is a whole lot favoritism going on in the higher up positions while those who stock the store are treated rather poorly, however it is not only the managers who are the problem. Those even higher up then them is forcing them to try and get deadlines while not allowing them to hire more people when they really need it. From what I hear, it was a lot more easier to hire in more people before Sam died.",2021-10-27,Currently Unemployed
WMT-100,Walmart,4.0,"Former Employee, less than 1 year",Great pay,The work was comparable to other places I've worked but the pay was above average.,Some of the upper management was difficult to work with.,2021-11-19,Merchandising Team Member
WMT-101,Walmart,5.0,"Current Employee, more than 1 year",Great,It is amazing and I love it man,Sometimes it’s repetitive but not always,2021-11-24,Stocking Associate
WMT-102,Walmart,5.0,"Current Employee, more than 3 years",Review,Very Flexible with the schedule,Sometimes management don't understand situations.,2021-11-24,Anonymous Employee
WMT-103,Walmart,4.0,Former Employee,Great First Job,Many you people to work with and learn from. You can make the job what you want it to be,Some poor leadership and poor handling of company restructuring,2021-11-22,E-Commerce Buyer
WMT-104,Walmart,5.0,Former Employee,Great,I love it easy job fast learner,The system slow sometimes so it makes the job slow,2021-11-22,Digital Personal Shopper
WMT-105,Walmart,3.0,"Former Employee, more than 3 years","Great for gaining experience in management, terrible for work life balance","You will learn in 1 year what it would take 5 years to learn in smaller, slower paced retail enviornments","10 to 12 hour work days will be the norm, atmosphere of the job can vary wildly based on store and market leadership, 90% of management burns out within 2 years",2021-11-25,Assistant Store Manager
WMT-106,Walmart,5.0,Current Employee,Good Job for teenagers,"High autonomy
You take breaks when you want
Anytime lunch","Weather , and parking lot traffic",2021-11-23,WalMart Cart Pusher
WMT-107,Walmart,3.0,"Current Employee, more than 3 years","People okay, overworked, poor benefits","The people and managers, at least at my store, are good.
The pay for entry level is... okay, although falling behind significantly to companies like Amazon.
Tuition reimbursement IF you go to one of their specifically supported colleges.","You work hard, you'll be used a lot further beyond your job description. 
Takes a while to get a replacement at the end of shift if on Self-Checkout. (A couple times I didn't get out of there until 45 minutes after the time my shift was supposed to end.) 
Stressful, especially around the holidays.
Tuition Reimbursement ONLY if you go to one of their supported colleges.
Benefits not good.
Constantly understaffed.",2021-11-13,Anonymous Employee
WMT-108,Walmart,5.0,"Former Employee, more than 1 year",Nice place to work,"Benefits, hours, and partial holidays off",The job only gets difficult during holidays and certain times of the day when we are backed up. People complain we don't have enough cashiers but we can't control that. Depends on customers and area some days are great some are bad all come with working retail.,2021-11-16,Walmart Cashier
WMT-109,Walmart,3.0,"Former Employee, less than 1 year",Admiring Front Skill,"A lot of social trafficking.....minimal guidance to departments and customer service returns, damages, or mistakes. Good volume of purchases, less stolen than any subject for the fortunate, and an awesome experience to involve the right buyers and clients.","Less of a total team effectiveness by picking and choosing, but first time is the only time a word is really what's effective. Not to true to outside recognition of right and a sense of accuracy with he said she said variables, but......overall, a stand up applause to show you, if you find a niche to crowd in.",2021-10-21,Guest Greeter
WMT-110,Walmart,5.0,Current Employee,Good first pharmacy job,"Good hours, decent pay. Good benefits",Not enough staff . Need more employees,2021-11-23,Pharmacist
WMT-111,Walmart,4.0,"Former Employee, more than 1 year",Good,Benefits Perks Environment Flexibility Employees are nice,Money Management Vacation Customers Management benefit,2021-11-23,Support Manager
WMT-112,Walmart,4.0,"Current Employee, more than 1 year",Good experience,Compensation is good for the position and experience with this giant is really fantastic.,"Work ethics is awful, especially on the eCommerce.",2021-11-19,Advanced Analytics Specialist III
WMT-113,Walmart,5.0,"Current Employee, more than 1 year",cool,was awesome to work here,no downsides for working here,2021-11-23,Manager
WMT-114,Walmart,5.0,Current Employee,A good freaking job!,"Wal-mart has unbelievable support benefits insurance the list goes on and on. If you want to work for a company that looks out for you in every good way and not in a negative way, this is where you belong.","The only downside at Walmart it is tough to climb the ladder it takes years of pursuit in a style similar to what a politician might go thru essentially being accepted by every employee as deserving to be promoted. Another words it doesn't happen easily. If you are a hard worker, get ready to be used hard and put up wet. I suggest taking everything you do at a pace because if you are out to impress you had better be prepared to keep that pace because it will become required and expected without any kind of gratification or appreciation for putting forth extra at work. There is not any type of reward system for someone who puts in 110% and doing so will not benefit you. I recommend watching people your first couple of days and paying attention to stay in the mainstream average. You will not get a raise and will not gain for extra hard work ethic and from personal experience let me say that learning this lesson is hard on your motivation once you have. So don't do it. Set a pace you can easily handle and stick to it no matter what and enjoy your job its a cinch.",2021-07-09,Night Stocker
WMT-115,Walmart,4.0,Current Employee,I love it but my body dont,Fun place to work. Great experience,Bad on my feet and I can’t seem to find away to be comfortable at work,2021-11-22,Sales Associate/Cashier
WMT-116,Walmart,4.0,"Former Employee, more than 5 years",Great role for detail oriented person getting their start in retail.,"1. Although you’re part of a team, you do have plenty of individual assignments if you like to work independently. 
2. Role allows you to set the  foundation of the whole store - you get to set new product categories and updates and learn about [potentially] exciting changes before most people. 
3. The whole store is your domain so be prepared to move from automotive oil one night to frozen dinners the next.","1. There are times when a mod takes longer than expected and you’re sometimes required to stay and finish after you’re scheduled shift end.
2. Time is of essence and you’re always under time constraints so you can put yourself under constant pressure.
3. Some mods can be outright disgusting when you start taking them apart (be prepared for old chicken wing bones).",2021-10-09,Modular Team Associate
WMT-117,Walmart,5.0,"Current Employee, less than 1 year",Great,"Great, really like it there",Nothing to complain about. It’s a good company,2021-11-23,Sales Associate/Cashier
WMT-118,Walmart,4.0,Current Employee,Underpaid job but good benefits,Good benefits and 40 hour weeks,"Underpaid, not flexible with schedule",2021-11-23,Automotive Technician
WMT-119,Walmart,5.0,"Current Employee, more than 8 years",Very good position,Good benefit and good money,It hard work and stressful,2021-11-23,Deli and Bakery Clerk
WMT-120,Walmart,5.0,"Current Employee, more than 8 years",Very good position,Good benefit and good money,It hard work and stressful,2021-11-23,Deli and Bakery Clerk
WMT-121,Walmart,4.0,Current Employee,Underpaid job but good benefits,Good benefits and 40 hour weeks,"Underpaid, not flexible with schedule",2021-11-23,Automotive Technician
WMT-122,Walmart,4.0,Current Employee,Sustainable job,"Stable income, easy day to day tasks",Large amount of turnaround with small staff,2021-11-24,Deli Clerk
WMT-123,Walmart,4.0,Former Employee,Employment at Walmart,"Pay was okay
I worked multiple departments
We worked together to overcome personal situations 
I got a customer appreciation raise plus my yearly raise","Had to do management work at employee pay
My time that I punched in and out was overridden by management. 
Overall was overworked.",2021-11-18,Customer Service Salesfloor Associate
WMT-124,Walmart,3.0,Current Employee,There's always worse,"They're pretty flexible there, and they pay pretty well for simple work. They're nondiscriminant, at least at my store.","They don't really care about you personally. If you have an issue and don't harass everyone, nothing will change. When I got hired, I was supposed to make 15 an hour, but something happened within the system, and I was hired at 11. I was notified about this at orientation, and that it would be fixed before my shift the next day. A couple of days passed and I noticed that my title hadn't changed, so I went to talk to someone about it, just to get an update. I was told that it was being fixed and to wait a few days. A week passed, and nothing was fixed. When I went to ask about it I was told that it was supposed to be fixed that Saturday which was about five days away. Although I was pleased to finally hear something other than ambiguity, I was very annoyed, especially because I continued to make 11 until the following Saturday; a week after I was promised. I'm not even sure if I'll see the money I had already earned but wasn't given. However, at the end of the day, it was fixed.",2021-10-04,Deli Bakery Associate
WMT-125,Walmart,5.0,Former Employee,Great Company with good benefits that are affordable,Wal-Mart is a good fit with all people. Great company to work for and the benefits are good and affordable.,Health insurance could be better with more affordable plans. The deductibles are high. You can get caught in a layoff as the restructure the company to make it more streamlined when needed.,2021-11-10,Facilities Coordinator II
WMT-126,Walmart,4.0,"Current Employee, more than 1 year",Walmart,Great place. Love it so much,Too much workload and too crowded,2021-11-24,Sales Associate
WMT-127,Walmart,5.0,Former Employee,Good job,Easy job to do for me,Biweekly pay but check was big,2021-11-24,Anonymous Employee
WMT-128,Walmart,4.0,"Former Employee, less than 1 year",Walmart,Good pay and very understanding of family emergencies.,No overtime. And get wrote up for staying 1 minute late.,2021-11-21,Overnight Stocker
WMT-129,Walmart,5.0,"Former Employee, more than 1 year",College Friendly,Very flexible work schedule for college students,"Evolving atmosphere, when you know something it changes the next time",2021-11-22,Frozen/Dairy Associate
WMT-130,Walmart,4.0,Current Employee,Good Low Stress Job,"Low stress environment
Decent pay with little to no experience required
Flexible hours","Work often gets repetitive
Complex management structure",2021-11-23,Personal Shopper
WMT-131,Walmart,5.0,Current Employee,Walmart is a great company that I worked at but I want to get more experience with my customer service.,Great company with great benefits.,Hours fluctuate and management is unprofessional.,2021-11-20,Online Grocery Shopper
WMT-132,Walmart,3.0,"Former Employee, more than 5 years",Walmart,"benefits, that is all really",work/life balance sucks. I was expected to stay over every day and act like i enjoyed it. directions and work duties were always unclear and changing. expected to do everything without proper staffing. example: i'd have say 40 hours of labor available with the people i was allowed to staff but was expected to get 60+ hours worth of work done. impossible expectations and standards.,2021-11-23,Assistant Manager
WMT-133,Walmart,5.0,"Current Employee, less than 1 year",great,Thanks great company love the options,Maybe higher pay would be good,2021-11-23,Anonymous Employee
WMT-134,Walmart,5.0,"Current Employee, less than 1 year",Good pay,The starting pay is very good and raises are given frequently.,Standing on your feet for 10 or more hours and short breaks.,2021-11-21,Warehouse Worker
WMT-135,Walmart,4.0,Former Employee,great job,good hours and pay compared to most,not that many hours compared to other places except during holidays,2021-11-22,Anonymous Employee
WMT-136,Walmart,4.0,Current Employee,Flexible hours,"Good work environment, friendly co worker",Work could be heavy occasionally,2021-11-24,Personal Shoppers
WMT-137,Walmart,5.0,"Current Employee, more than 1 year",Awesome people work there,Great ppl to work for,Over nights is really easy,2021-11-22,Front End Cashier
WMT-138,Walmart,1.0,"Former Employee, more than 1 year",Atrocious Status Quo Management,"PTO is reliable
Pay can be very good
Benefits","Horrible management *BEWARE* do not sign up for Cap 2 Team Lead at this location.
Status Quo Mindset abroad, blame others but not themselves.
Burn out is high along with turnover rate.
Back room is not organized and clean causing safety hazards.
Lots of unaccounted for freight sitting in the back room while nothing gets stocked.
Nobody is held accountable due to poor staffing and upper management laziness.
Coach is manipulative.",2021-11-17,Team Lead
WMT-139,Walmart,5.0,Current Employee,Perfect,Good place to work at,No none none none none,2021-11-23,Administrative Assistant
WMT-140,Walmart,5.0,Current Employee,Perfect,Good place to work at,No none none none none,2021-11-23,Administrative Assistant
WMT-141,Walmart,4.0,Current Employee,Cashier,They have good benefits and are understanding if you speak with them.,Do not always have the time to pay attention to you.,2021-11-22,Cashier
WMT-142,Walmart,5.0,"Current Employee, more than 1 year",Easy Job,"They have upped the pay to more of a living wage. The work is super easy. The handheld tells you what to pick, it's exact location , & which bin/tote to place it in. We average 5-8 miles a day walking so it's fantastic for your health, & stamina.","The customers. They get in your way as you are timed while in a pick path (at least 100 items per hour). They walk out in front of you while you're pushing a cart w/ sometimes 60+ lbs , you have to come to a dead stop so you won't run into them. Then they look at you like you did something wrong . Or make rude remarks. A coworker had her cart shoved into her bc it was in a customer's way.",2021-09-11,Order Filler - OGP
WMT-143,Walmart,4.0,Former Employee,Walmart review,Walmart is Friendly work space.,There really are no cons.,2021-11-22,Overnight Stocker
WMT-144,Walmart,5.0,Current Employee,Great Place to Work,The pay is great and they really seem to care about their employees.,Hours can stack up especially during the holiday season and you walk 15+ miles a day.,2021-11-16,Warehouse Worker
WMT-145,Walmart,3.0,Former Employee,Not the best,"The people I worked with were cool.

Was kinda flexible, sometimes.","Understaffed, was forced to do everything on my own. If I missed a day everything would get backed up since nobody did anything when I wasnt there. At some point I became the only worker, for my final months I had to carry the entire department on my own, they had unrealistic expectation to expect me alone to be able to take care of a workload meant for 3 people all by myself day after day, I had to overwork myself and they encouraged me to stay beyond the time I'm supposed to leave just so everything could be finished instead of just hiring new people to make the job more realistically accomplishable.",2021-10-20,Meat/Produce Associate
WMT-146,Walmart,5.0,Current Employee,Walmart,Its a good workplace and keeps you occupied,People are sometime rude and cancels orders knowing they are not purchasing,2021-11-21,Personal Shopper
WMT-147,Walmart,5.0,Current Employee,Nice,Nice people fun place to work,Not many hours and not the best pay,2021-11-23,Anonymous Employee
WMT-148,Walmart,5.0,"Current Employee, more than 5 years",Very good for what it is,"-My coworkers became my friends
-Decent insurance and benefits
-401k matching up to 6%
-Recent restructuring of the Pharmacy Technician expands the role, increases the base pay ($17 here in Louisiana) opens you up for more opportunity
-Walmart trains and compensates you for the costs. The training can go by pretty quick, probably 6 months if you're on top of it","-Customers can be impatient, ignorant, and inconsiderate. 
-Schedule fluctuates and can suck sometimes (typical for Walmart, but my pharmacy manager makes it easy to take off as long as you ask ahead of time)",2021-10-18,Certified Pharmacy Technician
WMT-149,Walmart,4.0,Former Employee,"Easy Work, Volitile Environment","Easy time working, and my manager was a rare case, as she was a good manager and cared for every person she was responsible for.","Mind-numbing on many days, and certain days, such as holidays are stressful. Point system makes it feel like your job is on the line after a couple of mistakes.",2021-11-05,Currently Unemployed
WMT-150,Walmart,4.0,"Former Employee, more than 1 year",Useful Experience,The chain of command was absolute. Leadership was fair with decisions and scheduling. The pay was fine but also more than I expected.,Many co-workers were awful. Sometimes we were understaffed and there was no coverage. Running an area alone was impossible but still expected when there was no one else to help.,2021-11-11,Deli Associate
WMT-151,Walmart,4.0,"Former Employee, more than 1 year",Busy,It kills a lot of time.,Weird people come by and have nasty attitudes.,2021-11-22,Cashier
WMT-152,Walmart,2.0,"Former Employee, more than 5 years",Store-level work,"Competitive hourly wages, simple sales application to learn and work with","Depending on your store, store-level assistance when necessary may be non-existent. Due to being a specialty division associate coverage for scheduling can be difficult, you aren't allowed any extra associates you cannot keep on payroll permanently based on sales expectations set by the company. Can be extremely difficult having a team of full-time associates. Little to no assistance and reassurance during pandemic, entire COVID-19 era was handled poorly, thank you for the bag with a bag of chips and cup noodles and the $300(pre-tax) bonus during cut hours.",2021-11-12,VISION CENTER MANAGER
WMT-153,Walmart,4.0,"Current Employee, more than 5 years",Love my position,Get to do a lot of investigations so my day to day is always different.,"There is often a lot on my plate and instead of accountability to spread out the workload, the good managers are sometimes overworked to compensate for the bad ones.",2021-11-12,Asset Protection Assistant Store Manager
WMT-154,Walmart,4.0,"Former Employee, less than 1 year",Front End Worker,"Nice staff
Very flexible schedules as long as you communicate with manager
Easy job",Sometimes customers can be rude,2021-11-21,Front End Worker
WMT-155,Walmart,1.0,"Former Employee, more than 1 year",Only if you're really in need of money.,"-Some of the pros of working there was that you get ppto and you can be paid for not being there and you wouldn't have to worry about points

- The team leads are generally kind and helpful

- Decent pay

- Pretty ok scheduling

- Really nice coworkers

- The work can be easy from time to time depending on the department you mainly work in

- An hour lunch and 2 15 minute paid breaks","- The coaches do not communicate with each other.

- Terrible structure

- The point system itself.

- When you are hired you are supposed to learn everything in about a week or two, which makes sense but you will not be taught everything and will be written up when they forget to teach you something that you don't know yet and be called slow regardless.

- You are not paid for what you do and will be taken advantage of. There is a team called Cap 2 and the HBA team, in Cap 2 you are only supposed to zone the isles, do top stock, picks, and trucking, returns, and the occasional pallet. In HBA you are mainly to do price changes, clearance reviews, counts, outs, top stock, returns, the occasional pallet, and zoning. The overnighters are to mainly do the pallets. I constantly saw Cap 2 work in ALL of the areas of Walmart working off pallets and doing trucking alongside HBA and even doing what they call ""freight swarms"".

- You rarely get the equipment needed for your job to actually do your job and make it quicker unless you hide some of your own.

- They don't take into account physical conditions that you may have.

- A miserable energy. Regardless of who I talked to even coaches say how much they hate their job and just being there.",2021-11-23,Stocker
WMT-156,Walmart,4.0,"Current Employee, less than 1 year",Can’t complain,Good pay for the work you are asked to do,"No training when starting position, figure it out on your own",2021-11-19,Team Leader
WMT-157,Walmart,5.0,Current Employee,Good,"Friendly associates, decent pay, nice management","Some awful customers, cut hours",2021-11-22,Customer Service Associate
WMT-158,Walmart,5.0,Current Employee,Fun,Meet people easy job train,Very busy boring and slow days,2021-11-22,Sales Associate
WMT-159,Walmart,1.0,Former Employee,Horrible Company,Pretty easy job to do.,"The company allows continued racism, harassment, as well as over work you then steal hours which they call the washing hours. It use to hurt my souk to ask a employee to come in, assist. Then ask them to leave early at the end of the week so they can't receive overtime they deserve!",2021-11-26,Manager
WMT-160,Walmart,1.0,Former Employee,Horrible Company,Pretty easy job to do.,"The company allows continued racism, harassment, as well as over work you then steal hours which they call the washing hours. It use to hurt my souk to ask a employee to come in, assist. Then ask them to leave early at the end of the week so they can't receive overtime they deserve!",2021-11-26,Manager
WMT-161,Walmart,5.0,"Former Employee, more than 1 year",Great store,They r always gonna need workers it's a good place to work with good ppl,None that I can think of,2021-11-20,Cashier
WMT-162,Walmart,5.0,"Current Employee, more than 1 year",Good,It is a good experience,Management is sometimes not the best,2021-11-21,Sales Associate
WMT-163,Walmart,5.0,Former Employee,Great.,Good benefits and pay year round.,Did not want to quit.,2021-11-21,Cashier Full Time
WMT-164,Walmart,1.0,"Former Employee, more than 1 year",No support for parents of NICU patients.,I worked in the deli so I could clock in at the front of the store instead of walking all the way to the back.,"When my son was born he was admitted to the NICU. I had to take more time off than allowed with FMLA to take care of his medical needs and I was fired for taking too much time off to do so. Why didn’t I have PTO time? Because I was denied promotion to Full-Time after a one week stay in the hospital four months prior to my son’s birth. I had a brain hemorrhage (high blood pressure forced blood through the walls of a cavernoma adjacent to my brain stem). When I went to talk to HR and ask if I was still eligible to go full time, the assistant manager over my department said “Absolutely not. It’s a reward for employees who work 40 hours without attendance issues.” “I was in the hospital with a brain hemorrhage!” “Well, if you were in the hospital then you weren’t working 40 hours, were you?” This company doesn’t give any concern for the health and well-being of their employees or that of their families.",2021-10-15,Fresh Production Associate
WMT-165,Walmart,2.0,"Current Employee, less than 1 year",Market treats salary worse than animals,Pay and being able to work with people,"Market team is extremely disrespectful- calls you failures, talking down to you, how they’ll replace you. Hours realistically are 60-70 a week for an overnight coach. More times than not it will be up to 80 hours weekly. Horrible communication between management, as well as corporate. Systems rarely work, nor are they always secured access. Unrealistic hours given for freight and task flow. Accountability never for other shifts. Ethical and compliance issues are never ending.",2021-10-19,Replenishment Manager
WMT-166,Walmart,5.0,Former Employee,Great people,"Fun team 
Easy workers
Fast pace
Work alone
Good breaks","No space 
Unreasonable timing
Small spaces
Overstock
Higher-ups",2021-11-21,Driver
WMT-167,Walmart,4.0,"Current Employee, less than 1 year",Walmart Employment,"Friendly coworkers
They provide great benefits","Rude entitled customers
Could use more time off",2021-11-17,Cashier
WMT-168,Walmart,3.0,Former Employee,"Fast promotional opportunity, but not family oriented","promotional opportunities are plentiful 
Several good benefits including 401k, stock share, etc. 
Compensation for management fair","Work is life... don't have a family or personal issues as a manager. LOA's frowned on and while obviously never said out loud puts a target on you, and constant pressure to be always available. 
With ""app driven"" leadership seeing less and less family and personnel time. As you are always connected and can never disconnect. 24 hours/364 (you get Christmas off unless your overnight)",2021-10-15,Store Manager
WMT-169,Walmart,3.0,"Current Employee, more than 5 years",Team Lead in apparel,Discount card on your 31st day of employment.,"Never enough associates at any location. Unless you are a pet or management is a friend you will likely be overlooked for any type of promotion or advancement. They hire so many teenagers or persons unable and unwilling to learn the English language there is always a language barrier. As a lead you will be blamed for your associates not preforming well. You can call out sick 5 times in a 6 month span. They do not accept Dr. notes or excuses so plan your sickness around your days off. They do not pay for Holidays you will be expected to work all of them. The bonuses that you can acquire depends on if your store is doing well, if it is doing well your bonus will be calculated by the amount of days you have called off in a 4 month period, if you have called off 3 or more times you will not receive a share of that bonus even if you have worked overtime, come in on your off days or basically almost killed yourself getting your area like they want it.",2021-08-26,Team Leader
WMT-170,Walmart,3.0,"Current Employee, more than 5 years",Team Lead in apparel,Discount card on your 31st day of employment.,"Never enough associates at any location. Unless you are a pet or management is a friend you will likely be overlooked for any type of promotion or advancement. They hire so many teenagers or persons unable and unwilling to learn the English language there is always a language barrier. As a lead you will be blamed for your associates not preforming well. You can call out sick 5 times in a 6 month span. They do not accept Dr. notes or excuses so plan your sickness around your days off. They do not pay for Holidays you will be expected to work all of them. The bonuses that you can acquire depends on if your store is doing well, if it is doing well your bonus will be calculated by the amount of days you have called off in a 4 month period, if you have called off 3 or more times you will not receive a share of that bonus even if you have worked overtime, come in on your off days or basically almost killed yourself getting your area like they want it.",2021-08-26,Team Leader
WMT-171,Walmart,5.0,Current Employee,goof,great place to work at.,Management can be a downer but depends on store.,2021-11-21,Sales Associate
WMT-172,Walmart,5.0,Current Employee,Work ethic,The people I work for are great,Not enough help with the vaccines,2021-11-22,Pharmacy Technician
WMT-173,Walmart,4.0,"Former Employee, more than 1 year",Packing at Walmart,The pay is really good,There is mandatory overtime up to six days,2021-11-22,Packer
WMT-174,Walmart,3.0,"Former Employee, less than 1 year",Overworked,Job goes fairly smoothly once you get used to it.,They will try to overwork you if you let them,2021-11-27,Cashier
WMT-175,Walmart,4.0,Current Employee,Good for starting out,The pay is great and always a chance to work over time,There are not enough techs to run the shop efficiently,2021-11-19,Auto Technician
WMT-176,Walmart,5.0,"Former Employee, less than 1 year","I Worked for just a while my Husband had a job welding, We had to move ..","I always loved working at Walmart, I guess that is why when i am in there shopping if i see something out of place i fix it. 
I like the low prices.","Love shopping at a nice place, with nice people",2021-10-29,Floor Worker
WMT-177,Walmart,5.0,"Former Employee, less than 1 year",Great place to work,"friendly, invests in the employees","lots of working hours, weekends",2021-11-21,Anonymous Employee
WMT-178,Walmart,4.0,Former Employee,It’s Walmart,Pay it’s big and they need bodies,Work and customers that are rude,2021-11-22,Merchandiser
WMT-179,Walmart,2.0,"Current Employee, less than 1 year",The juice is not worth the squeeze. Too much politics & lack of freedom.,"This position can be worked from home now. 
Co-workers are mostly helpful and enthusiastic.
Managers are on the clock trying to be as helpful as possible.
Small perks like discount cards for stores.","-LOW pay with no chance of a raise even after a year unless you go WAY above and beyond. 
-RIDICULOUS expectations that will determine your schedule (95% on satisfaction from callers, 6.25 minutes to end a call when caller could have several inquiries, they want you to take 7-30 seconds per call)
-You cannot pick your schedule, they only let top performers pick their schedules
- NO VTO or voluntary time off. Their new ""VTO policy"" only lets you take up to 3-4 days off whether sick or to just take time off. After it's not even disciplinary, just right to termination. 
- HEAVY favouritism. People in the lower ranks can't have time off, while managers take OOT every 2 weeks. 
- Pay holiday pay by taking it out of your PTO hours. Meaning you are getting paid what you already had.
-Upper management such as team leaders and above don't help out.
- To apply to another department, you have to wait 6 months to a year. Even if you quit or are let go.",2021-08-09,Resolution Specialist
WMT-180,Walmart,5.0,"Current Employee, more than 1 year",The nights go by so quickly,"differential for overnights

Able to work without being in customer way and vice versa

Goes by very quickly","Not much work/home balance

Often have to clean up after 2nd shift, slowing you down",2021-10-12,Overnight Stocker
WMT-181,Walmart,3.0,Former Employee,Good environment for young people,Physical activity. flexible hours. discount on products,Challenging customer interactions. weekend or holiday work,2021-11-26,Part Time Cashier
WMT-182,Walmart,2.0,"Current Employee, more than 5 years",Ehh,You get a nice bonus based on your job performance,Upper management constantly changes making everyone feel less secure,2021-11-26,Area Manager
WMT-183,Walmart,4.0,Current Employee,"Good pay, good benefits","Pay, great 401K program, PTO","No holiday pay, physical, no flexibility for shifts once enrolled",2021-11-20,Walmart DC Order Filler
WMT-184,Walmart,4.0,Current Employee,It was nice working there and very welcoming,"Nice environment 
Kind people
Good benefits
Pay",None that I can think of,2021-11-20,Sales Associate
WMT-185,Walmart,5.0,"Former Employee, less than 1 year",Good,Benefits and stable employment. Room for growth,You have to work very hard,2021-11-21,Cap II Associate
WMT-186,Walmart,5.0,Current Employee,Vcm,"Schedule flexibility, fun environment, benefits",Not Lot of cons in position,2021-11-21,VCM
WMT-187,Walmart,5.0,Former Employee,Kool,"Flexible hours
Good pay 
Breaks 
Enough work","Boring 
Too much 
Lazy 
Crowded",2021-11-22,Overnight Stocker
WMT-188,Walmart,4.0,"Former Employee, less than 1 year",Walmart meat department,"Good people, decent pay, opportunity for advancement",I didn’t have any cons with this job,2021-11-20,Meat Department Sales Associate
WMT-189,Walmart,5.0,Current Employee,Good,Good Work making potato farms,Potato farm incorporated is great,2021-11-21,Computer Operator
WMT-190,Walmart,4.0,"Former Employee, more than 1 year",Nice job,"More money , more hours, nice people good pay but could be more","Lots of drama 
Management sometimes can be horrible (without the right people)
Needs more people that’s willing to work not play",2021-11-15,Pick-up Associate
WMT-191,Walmart,4.0,Former Employee,No real complaints,Hectic days are a given but normally an enjoyable work day.,"Meetings can be chaotic from time to time, but collaborative people are key to an understanding environment",2021-11-17,Public Relations Coordinator
WMT-192,Walmart,5.0,"Former Employee, less than 1 year",Great place,Lots of walking very active,Customers stop and talk to you and it takes away from your timing,2021-11-20,Personal Shopper/OGP
WMT-193,Walmart,3.0,"Former Employee, more than 3 years",Review,It's a fortune 1 company with a ton of resources and control over your day to day. This is a great job if you like something fast paced and with a lot of responsibility,"The company can be slow to enact change and has a very vertical leadership structure, meaning leaders aren't super accessible. Also promotions and progression is hard to come by. It's more about time in seat than experience.",2021-11-21,Associate Merchant
WMT-194,Walmart,5.0,Current Employee,Awesome Job,"The people, the teams you create, and the benefits.","The amount of time sacrificed. No work life balance if you want to do well. They don't ask that of you, but if you are a very passionate worker, you tend to give up everything to promote.",2021-11-08,Coach
WMT-195,Walmart,3.0,"Former Employee, more than 1 year",Good job and pay but bad management at the time .,Good starting pay.The 4-1 shifts were a breeze and went by fast,Management at the time sucked terribly.,2021-11-23,Apparel Sales Associate
WMT-196,Walmart,2.0,"Current Employee, more than 1 year",Don’t apply,You make good friends that’s the only thing good about it,Hire up management have favorites and they pick on the ones who aren’t they’re favorites,2021-11-24,Door Greeter
WMT-197,Walmart,1.0,Former Employee,T_Garcia,$0.50 soda in the breakroom,"Inconsistent schedule no one week had the same days or hours 

I was part time but because of the laws in California they would give me 40 hours for 5 weeks then 18 on the 6th week they did this so I would work full time hours but not get any of the benefits 

The store was constantly understaffed so everyone was over worked 

Leadership was lacking to say the least and the store was a revolving door for management at all levels people were either fired demoted or left and each time someone new took the position of assistant manager or manager they changed how the store was ran and things never got better no matter how was I charge

The store had high turnover so add to the unreasonable work training the new employees fell to lower level employees like myself 

And the customer were either neutral and or incredibly rude and acted like they owned you and your jobs depends on you taking it with a smile",2021-10-31,Sales Associate
WMT-198,Walmart,4.0,"Former Employee, less than 1 year",Working at Walmart,"Coworkers were nice, head manager was nice","Customers usually are angry, middle management is not particularly nice",2021-11-18,Electronics Associate
WMT-199,Walmart,4.0,"Former Employee, less than 1 year",Experience,"- Loved my co-workers, especially up in the front end. Made my bad days feel much better. The Associates I interacted with were friendly and cool to hang around.

- I wasn't just a cashier; I also worked in different parts of the Front End of the store. Really does toughen you up, but was a great experience.","- Management could not really work around my school schedule despite me being new; I understand that there is a probation period under which new associates have to be observed, but the Front End manager would not accept my ""True Availability"" form because of school. I quit as soon as college started so I could my education first. I could not keep working mostly closing shifts over my already-heavy classes.

- It seems that almost 32-36 hour work weeks are considered ""part-time"". I feel lied to.",2021-09-09,Front End Cashier
WMT-200,Walmart,5.0,"Current Employee, less than 1 year","Great pay, and the Walmart values","-Great Pay, base pay is 20$ and it only goes up depending on what position you get 
-Benefits 
-Monthly bonuses 
- They really care about their employees
-Friendly environment 
-Work made easy with their warehouse technology","-Bi-weekly pay, might not be a con for some",2021-11-11,Distribution Center Unloader%2FProcessor
WMT-201,Walmart,5.0,Current Employee,Is a good work to start but it had to be really patience.,"It give a lot of help to the employs
The benefits that give to the employee",They Cut Employee Hours to Keep Them Part-Time,2021-11-16,Cashier
WMT-202,Walmart,4.0,"Current Employee, more than 10 years",Growth opportunities,"There area always opportunities to grow, and leadership is always willing to help you to go to next level",Sometimes opportunities are not available in local market,2021-11-17,Anonymous Employee
WMT-203,Walmart,3.0,"Former Employee, more than 1 year",Okay,Pretty good hours and stay busy,Too busy sometimes and poor management,2021-11-26,Sales Associate/Cashier
WMT-204,Walmart,5.0,"Former Employee, less than 1 year",maintenance technician,good benefits and good pay,good company to work in Colorado,2021-11-21,Maintenance Technician
WMT-205,Walmart,4.0,"Former Employee, more than 3 years",Full time,"Co workers, easy job, 1 hour lunch, two 15 min breaks and decent management.","Not knowing all the departments and where things are to help customers( comes with time), lots of things to do some days when the season are changing, lots of zoning on evening shift,",2021-11-04,Sporting Goods Associate
WMT-206,Walmart,5.0,"Current Employee, more than 1 year",They Have Come A Long Way,"Tons of resources to ensure your success! If you work hard, you will advance in no time flat.",Point system sucks and isn’t really fair in real life consideration of last minute emergencies that arise.,2021-11-07,Front End Cashier
WMT-207,Walmart,4.0,"Former Employee, more than 1 year","Fast paced, a lot of pressure to get everything done.","Time goes by so fast because there is so much to get done everyday, if you're doing your job.","There are too many tasks to accomplish in such a short time frame, it's hard for 1 person to achieve.",2021-11-07,Customer Service Manager (CSM)
WMT-208,Walmart,4.0,"Former Employee, more than 3 years",Good,Nice hours there is always a time for rest,Hot as hell outside and you have to stay hydrated,2021-11-17,Cart Attendant
WMT-209,Walmart,5.0,Current Employee,Pretty Good Job,"Mostly solo-work, occasionally team-based
Can listen to musc
Simple work","Fairly physical
Sometimes rough
That is about all I can think of",2021-11-16,WalMart Overnight Stocker
WMT-210,Walmart,4.0,"Former Employee, more than 3 years",Good,Nice hours there is always a time for rest,Hot as hell outside and you have to stay hydrated,2021-11-17,Cart Attendant
WMT-211,Walmart,5.0,Current Employee,Pretty Good Job,"Mostly solo-work, occasionally team-based
Can listen to musc
Simple work","Fairly physical
Sometimes rough
That is about all I can think of",2021-11-16,WalMart Overnight Stocker
WMT-212,Walmart,4.0,Current Employee,Good,"Flexible hours, paid time off and benefits",Management can be strict sometimes.,2021-11-19,Walmart Online Grocery Pickup
WMT-213,Walmart,4.0,Former Employee,review,"pay is good, many coworkers to befriend and work with","demanding and rude customers occasionally, schedule varies often",2021-11-20,Digital Personal Shopper
WMT-214,Walmart,3.0,"Former Employee, more than 5 years",Working at Walmart,I enjoyed working with people .I enjoyed getting know the customer s.,Management really wasn't that great and there expections was unreal.,2021-11-24,Deptarment Manager
WMT-215,Walmart,5.0,"Current Employee, more than 10 years",Challenging,Offers challenging training to benefit you as an associate to lead people.,"Due to the pandemic, the associates come and go.",2021-11-18,Front End Team Lead
WMT-216,Walmart,4.0,"Former Employee, more than 1 year",Pretty Good,"Good Pay
Hour Lunch
2 Breaks
Some nice workers","Managers
Coworkers talk and start high school drama everywhere you go
favoritism",2021-11-17,Cap 2- Stocker
WMT-217,Walmart,4.0,Current Employee,Walmart,My favorite part about my job was working with my amazing co-workers and managers,We got new managers who weren’t as understanding of their employees needs.,2021-11-18,Cashier
WMT-218,Walmart,3.0,"Former Employee, less than 1 year",ok,you can be 10 minutes late,they are strict about head phones,2021-11-26,Auto Technician
WMT-219,Walmart,5.0,Current Employee,Greater,Company culture. Opportunities for growth,None that I can think of,2021-11-20,Bakery Team Member
WMT-220,Walmart,4.0,Former Employee,Good in some departments.,The Pros of Walmart were that my team had my back and the relationships made it bearable.,The Cons of Walmart were that the management were always targeting those of us that fell behind by a millisecond and that my condition was “Made Up”.,2021-11-03,Any
WMT-221,Walmart,5.0,"Former Employee, more than 10 years",Work,"Benefits/ community involvement, programs the company offers, being a one stop shop business",Missing time with family during Holidays,2021-11-16,Sales Manager
WMT-222,Walmart,1.0,"Former Employee, more than 3 years",Bad Wal-Mart Bad Boy Bad Bad!!!!!!,People worked with are great. All in same boat - stuck in a no end job with no room for growth. Overworked and underpaid.,"Expected to do work of Dept Managers without Department Manager pay. Hours are only good during the holidays then they expect you to work yourself to death. 
Don't put in for time off or vacation. It is your Manager who decides if and when you may get time off or not. Even when you put in for a vacation expecting to leave soon and find out you have been scheduled more hours than you usually receive in same amount of time. Dr appointments are no different if you have an appointment and you must request it ahead of schedule don't count on it. 
There is no way to advance at Wal-Mart anymore, hours get cut and cut and cut again with out notice. 
It doesn't matter how hard you work or how much you give they do not care and will just take and take however much you are willing to give without so much as a pat on the back. But, hey, isn't that what your co-workers are for?? Begging you not to quit? Sam Walton would be dearly ashamed at what the company he loved and prided himself on has become. He was all about his employees!!! How times have changed.",2021-09-28,Sales Associate
WMT-223,Walmart,4.0,"Current Employee, less than 1 year",Good Side Hustle,"Easy work, great managers, and good at organizing",Bad pay with tedious work,2021-11-19,Food and Consumables Team Associate
WMT-224,Walmart,5.0,"Current Employee, less than 1 year",Easy job,Walmart is a fast friendly job,No holiday pay! Very little training,2021-11-19,Front End Cashier
WMT-225,Walmart,2.0,Current Employee,Walmart,"They now pay 15.50/ hour stocking overnights in the Findlay, OH area. 
Employees get protective PTO to cover existing posts or future points for missing work.","The insurance has gone up.
3rd shift is overworked and hiring is sparse. 
You get stuck working the same area every night if you work hard. The lazy workers get all the easy areas and get rewarded with them. 
Don't allow you to move up in the company even when you outwork your own team leads. 
Even if you're over qualified for management positions they most likely won't hire you for them. 
You get to work other people's tasks when you work harder. You never get help when you're a hard worker.
Scheduling vacation time is never approved unless you go and cry to HR. 
They will work you every weekend unless you tell them you can't work Friday's, Saturday's or Sunday's.
You have to work every Holiday!",2021-10-27,Overnight Stocker
WMT-226,Walmart,4.0,"Former Employee, more than 1 year",Busy and Rewarding,"The Vision Center manager is knowledgeable and makes her work a true craft; great place to get work experience as an ophthalmic technician, optician, salesperson, eye-wear consultant, cashier, etc; no experience necessary (but preferred); you truly feel the difference that you make in people's daily lives; WM employee discount",Scheduling (be prepared to work anywhere from 8am-7pm Mon-Sat and/or 11-4 Sun); overtime is discouraged; WM work-weeks start on Saturdays; when I worked there the pay wasn't enough compensation for the amount of work (to my knowledge there has been a raise),2021-09-08,Optometric Technician
WMT-227,Walmart,5.0,Current Employee,Good,Everything was excellent perefect nothing bad to say,Nothing bad to say at all,2021-11-19,Customer Service Representative
WMT-228,Walmart,4.0,"Former Employee, more than 1 year",Pharmacy: Pros & Cons,"A very organized Pharmacy, they treated there patients/customers with kindness. Got prescriptions out to customers on time for the most part. Pharmacist always tries their best to counsel patients if needed. I am happy to have gotten the opportunity to learn some new things from this pharmacy.","Gossip, lies within with Pharmacists and Technicians. Other than that a good place to work.",2021-10-25,Certified Pharmacy Technician (CPhT)
WMT-229,Walmart,5.0,"Former Employee, less than 1 year",Great Starting Job,"Working at Walmart, it gave a great first experience working for a larger company. Very flexible hours and very communicative leaders who were prompt to help cashiers. Always had a job to do whether that was working the cashier in garden or putting product back on the shelves.",Black Friday can be crazy and won't tell you that they put you down for longer hours then you gave.,2021-10-31,Front End Cashier
WMT-230,Walmart,4.0,"Current Employee, less than 1 year",Greeter review,It’s a job there isn’t much to say,No real room for engagement,2021-11-19,Greeter
WMT-231,Walmart,5.0,Current Employee,Walmart jobs,"Perfect jobs is walmart,markt pro job",Budget are never job markt walmart,2021-11-19,"Instructor, Philosophy"
WMT-232,Walmart,5.0,"Former Employee, more than 3 years",Yea,Words are an excellent way to start sentences.,Punctuation is an excellent way to end sentences.,2021-11-17,Produce Assistant
WMT-233,Walmart,5.0,"Current Employee, more than 5 years",Walmart product ranking service,Walmart product ranking service and Review,Any product keyword ranking font page,2021-11-18,
WMT-234,Walmart,4.0,"Current Employee, less than 1 year",Idk,I get paid 18.50 for over nights,It’s Walmart that’s sums it up,2021-11-19,Anonymous Employee
WMT-235,Walmart,5.0,Current Employee,Warehouse,It was pretty cool to work there,I dont have any cons,2021-11-19,Anonymous Employee
WMT-236,Walmart,4.0,"Current Employee, more than 3 years",Walmart work isn’t hard but sometimes stressful and strenuous,"Lots of work to do, 40 hours a week, good benefits, Pay ranges from $9-$22 depends on the department you are in. 10% discount, 401K, Insurence. Desperate for workers",Management is regular people so it’s not great. You get put by yourself a lot which means taking on other people’s job and being expected to have it done. Always dealing with customers.,2021-10-05,Fresh Production Associate
WMT-237,Walmart,4.0,"Current Employee, less than 1 year",good,"good benefits, schedules are nice.","lots of mandatory OT, not a straight forward career path for growth",2021-11-15,Quality Assurance
WMT-238,Walmart,5.0,"Former Employee, less than 1 year",overall experience was not bad,it was a great experience,managers were so arrogant and rude,2021-11-16,Cashier
WMT-239,Walmart,5.0,Former Employee,Starting job,"Schedule flexible
Opportunity to grow a","Poor management 
No over time",2021-11-19,Cap-1 Associate
WMT-240,Walmart,5.0,Former Employee,Hours,"Pay, schedule and co workers",I don’t have any cons,2021-11-19,Nurse Technician
WMT-241,Walmart,4.0,Current Employee,Good,Easy job with no many responsibilities,Management has poor communication with associates,2021-11-20,Cashier
WMT-242,Walmart,5.0,"Former Employee, more than 5 years",Pretty good starter job,"Good pay, great place to network and build relationships.","Poor work life balance, favoritism is rampant",2021-11-15,Operations Manager
WMT-243,Walmart,5.0,"Former Employee, more than 1 year",Great company,Nice people and good team to work with,The customers can be very unkind,2021-11-18,Anonymous Employee
WMT-244,Walmart,5.0,Current Employee,Good Place to work,I love my job. I get to travel and meet new people. Everyday is different and exciting.,I am away from home a lot,2021-11-16,Field Project Supervisor/Store Planning
WMT-245,Walmart,4.0,"Former Employee, more than 1 year",Great company for students,They are very flexible with school schedules and rotations.,Wage could be improved to attract more people.,2021-11-17,Cashier
WMT-246,Walmart,5.0,Current Employee,Asset Protection Associate,"Growing company 
Great experience
Awesome management 
Fun, loving and caring environment.",Nothing bad to say about this employer,2021-11-17,Loss Prevention
WMT-247,Walmart,4.0,"Former Employee, more than 3 years",Review,People I work with are great!,"It's retail, which means working at least one weekend day if you want full-time.",2021-11-17,People Lead (HR Generalist)
WMT-248,Walmart,1.0,"Current Employee, more than 1 year",My Walmart Experience,It is a very fast paced enviornment,"-Underappreciated, Overworked, Low Growth opportunity",2021-11-27,Department Manager
WMT-249,Walmart,4.0,"Current Employee, more than 1 year",Keep your head up,"Educational benefits paid for my Java Certification ($5K in tuition for FREE), Cornell Tech Leadership course ($3K), and my current class for Bellevue Business Leadership ($2500)! People complain about this job but there's a good amount of things you can gain from it when you look in the right places!
They are VERY flexible when you want time off!
The pay is pretty good too!","Dealing with Karens!
If youre a manager, be prepared to be overworked to the ground and get blamed on for everything.",2021-10-25,Electronics Associate
WMT-250,Walmart,4.0,"Current Employee, more than 1 year",Keep your head up,"Educational benefits paid for my Java Certification ($5K in tuition for FREE), Cornell Tech Leadership course ($3K), and my current class for Bellevue Business Leadership ($2500)! People complain about this job but there's a good amount of things you can gain from it when you look in the right places!
They are VERY flexible when you want time off!
The pay is pretty good too!","Dealing with Karens!
If youre a manager, be prepared to be overworked to the ground and get blamed on for everything.",2021-10-25,Electronics Associate
WMT-251,Walmart,3.0,"Former Employee, more than 5 years",Hard Work,"The day passes by very quickly.

It's very unlikely for you to get fired, regardless of your performance.","The work is very hard and breaks your body down significantly if you work in the back room. The trolley things they have you use were designed with handles but the handles didn't end up working out well so you're told not to use them. This means you have to bend over a very large portion of the day and push these trolleys around very close to the ground, rearranging them very often. Picking up heavy baskets and moving them from location a to location b to location c to location d to location e over and over again quickly breaks your back down.
There is no real career development or advancement opportunities in this role and no time to train to do anything other than work in this department.",2021-09-25,Ecommerce Associate
WMT-252,Walmart,4.0,Current Employee,Good Company to gain experience,"Lots of development, free food, employee discount and many other perks.",Needs to hire more people that actually care and get rid of the 5 point system.,2021-11-14,Team Lead
WMT-253,Walmart,4.0,"Current Employee, more than 1 year",College student during COVID-19. Part-time employment.,Straightforward job. No nonsense requirements. Good pay.,"Standard scheduling from an hourly job. Cannot choose what time to start, only the amount of time worked daily.",2021-11-14,Online Grocery Pickup
WMT-254,Walmart,2.0,"Former Employee, less than 1 year",Walmart DC Leadership focused only on production at all costs,"Pay was very good when working normal schedule without mandatory OT.
HR team was first class and always available even without an appointment.","Extremely high turnover in mgt positions and associates.
DC leadership was inexperienced in managing people
Mandatory overtime days for salaried and hourly positions for several months at a time
GM and AGM were disconnected and never seen outside their office",2021-11-12,Area Manager
WMT-255,Walmart,5.0,Former Employee,Great job!,"Laid back, easy work, great leadership, adjustable hours, protected paid time off.",None in my personal opinion.,2021-11-17,NONE
WMT-256,Walmart,4.0,Current Employee,Good Company but still opportunities,"Flexibility, good visibility, healthcare plans","Tribal knowledge, male centric, resistance to become best in class",2021-11-17,Director%2C Process Engineering
WMT-257,Walmart,1.0,"Current Employee, less than 1 year",They treat their employees poorly and only care about making money.,The benefits I suppose. Being able to take money out sooner then your paycheck is also cool,"Customers are rude, managers have favorites, if they see you taking a seat or trying to rest they threaten to write you up.",2021-11-26,Anonymous Employee
WMT-258,Walmart,4.0,"Current Employee, more than 1 year",Good,Nice place lovely employees fun,Customers are a lot sometimes,2021-11-19,Walmart Sales Associate
WMT-259,Walmart,3.0,"Current Employee, less than 1 year",Walmart Cashier,"steady work , people are friendly on the most part, handicap friendly","no raises in sight, hard to see managers when you work late shifts you have to go in early. People swearing a lot.",2021-11-25,Cashier
WMT-260,Walmart,4.0,"Former Employee, more than 3 years",Ok to work,Easy work when you learn the job,Management is not very stable,2021-11-19,Cashier
WMT-261,Walmart,4.0,"Former Employee, more than 10 years",It’s an easy job.,"Great pay, pto, schedule flexibility","Busy, overwhelmed, over worked, management sucks.",2021-11-19,Anonymous Employee
WMT-262,Walmart,5.0,Current Employee,Greta Company Good Benefits,Benefits are very good for employees,People can be very difficult to deal with,2021-11-17,Front Office Manager
WMT-263,Walmart,5.0,Current Employee,Great place to get started,Interfacing with people coming through the lines,Sometimes have to work long shifts,2021-11-17,Grocery Clerk
WMT-264,Walmart,4.0,"Former Employee, more than 10 years",Good place,Good pay and great people to work with,lots of hours at different times of the year,2021-11-17,Manager
WMT-265,Walmart,5.0,Current Employee,Working @ Walmart,Cares about their employees and their needs,Inconsistent work hours and hard to call off,2021-11-18,Associate
WMT-266,Walmart,5.0,Former Employee,Love it,"Great pay, great people to work with.","Customers, wish it was located closer to me .",2021-11-18,Sales Associate/Cashier
WMT-267,Walmart,1.0,"Former Employee, less than 1 year",Three different  schedules,Wallmart was a very friendly and safe work environment.,They had three different schedules they called me In the office and sign agreeing to a set schedule then when my next off day came I got a no call no show,2021-11-25,Auto Technician
WMT-268,Walmart,3.0,"Current Employee, more than 1 year",Benefits Are Great if You're Young..,"Great benefits.. Currently finishing my Bachelors for FREE (paid 100% by walmart).. I started when they only charged 1$ a day which I wasn't complaining about bc it came out to only about $60 per semester, but now that it is free I'm even happier. PTO is acquired pretty easily.. so I Love that.. Also, You're bound to meet great people, shoppers and associates alike.. In-store and out ofnstore discounts made available to associates.. I really recommend this job for younger people who need cash.. I dont recommend this for a long term career unless you just plan on moving up in the store later..","For the amount of stress cashiers and sales assoc. go through, the pay could be better.. People get promoted and take their little power too far.. People rarely focus on their own work.. And This honestly depends on the store because I loved my previous store, but from my experience in my current store the morale is low and management makes you hate coming to work... I came to my current store due to covid, but planned on transferring back to the one on my University's campus the first chance I got.. when I mentioned this I ended up ""coincidentally"" getting a coaching (write-up) about two days later for something so small.. However, the year mark of when my write up is scheduled to fall off is coming up soon, so I'll be starting my transfer literally the second it does....",2021-08-09,Walmart Cashier
WMT-269,Walmart,1.0,"Current Employee, more than 1 year",horrible environment,"the pay, and with what you have to do it’s still not worth it.","well in my experience unable to work with my schedule.
the team i had was awful.
management doesn’t care about you, your direct team lead might but the rest of them could care less as long as you are producing food they don’t care if you are short handed.
also don’t look to move up in the company, the current teamleads get first dibs on new team lead positions. even ones who have no experience in the food industry at all then you get stuck training your boss, while you were rejected the position after “careful consideration”",2021-11-12,Deli Clerk
WMT-270,Walmart,4.0,Current Employee,Management,The team is great and hardworking it feels like family . Never out of place and they work with you.,Management of specific departments are on the uncaring side. They will complain and bully you for everything.,2021-11-03,Fulfillment Associate
WMT-271,Walmart,5.0,Current Employee,Great Place to Work,Everyone is very friendly and welcoming.,There aren't any cons to working here.,2021-11-17,Stocking Associate - CAP2
WMT-272,Walmart,5.0,Current Employee,Great,Pay is great for school students,There are no complaints here,2021-11-18,Personal Shopper
WMT-273,Walmart,4.0,"Former Employee, less than 1 year",Good Experience,There was Flexible working hours and Nice coworkers,There was Strange customers and Lots of walking,2021-11-18,Sales Associate
WMT-274,Walmart,5.0,"Former Employee, less than 1 year",good place to work,good environment to work with,"long hours per day , schedule mess up",2021-11-18,Anonymous Employee
WMT-275,Walmart,3.0,Former Employee,Team Lead,It's a steady job and they usually have hours if you put the time in.,"No holidays, bonuses are gone and the perks are slowly being erased.",2021-11-26,Anonymous Employee
WMT-276,Walmart,3.0,"Former Employee, less than 1 year",Poor Management,Decent pay but the pay does not outweigh the cons,"Management was run in a very teacher's pet and favorites manner. Some may say it's an office politics environment but in a warehouse setting. They claim to add your name to a ""list"" when you ask to get cross trained on additional equipment and other positions. However it was clear and proven that they were giving the advancement opportunities to their friends or favorites within the company rather than based on performance or the order if the list. Witnessed first hand management telling a very underperforming and unqualified individual that they would be great for management and other opportunities within the company because they were a minority and female. While they should never be discrimination against such individuals giving priority or special privileges over others better suited for such rolls is a very poor in the betterment of the company. The list goes on...",2021-10-20,Order Filler
WMT-277,Walmart,3.0,"Current Employee, less than 1 year",Great,nflation and help to keep employee productivity at an optimum level. The chain of stores can also save consumers billions of dollars but may also reduce wages and competition in an area.,"Low wages: Walmart pays workers low wages and most of the time they focus on hiring part-time workers in order to cut down on total wages paid.
Anti-employee policies: Walmart does not support their employees' and most of the time they're mistreated.",2021-11-18,Cashier
WMT-278,Walmart,5.0,"Current Employee, less than 1 year",Job,"Great customer service
Good company 
Quality service","Underpaid 
Overworked
Unpleasant environment
Time consuming
Long hours",2021-11-18,Customer Service Representative
WMT-279,Walmart,4.0,"Current Employee, more than 1 year",Digital Team Lead,"Great place to start your career. There's so much career opportunities in the company of Walmart. Get to know your management team and they are more than happy to teach and train you on how to become a leader. It's not just about working hard, but leading a team. Walmart is shifting to a different direction and expecting a lot from these new ""team lead"" positions. Team lead's are now having the responsibilities of the assistant manager. That's why the pay range is $20-$30 based on experience. I love the pay because it's more than most retail and Walmart is always changing to become better!",Short staffed due to the pandemic and very difficult to hire.,2021-10-07,Digital Team Lead
WMT-280,Walmart,4.0,"Current Employee, more than 1 year",Digital Team Lead,"Great place to start your career. There's so much career opportunities in the company of Walmart. Get to know your management team and they are more than happy to teach and train you on how to become a leader. It's not just about working hard, but leading a team. Walmart is shifting to a different direction and expecting a lot from these new ""team lead"" positions. Team lead's are now having the responsibilities of the assistant manager. That's why the pay range is $20-$30 based on experience. I love the pay because it's more than most retail and Walmart is always changing to become better!",Short staffed due to the pandemic and very difficult to hire.,2021-10-07,Digital Team Lead
WMT-281,Walmart,4.0,"Former Employee, more than 1 year",Overall good place to work,"Good pay, easy job, benefits are great",Could really use better communication,2021-11-17,Unloader/Stocker
WMT-282,Walmart,4.0,"Current Employee, more than 1 year","Good pay, bad management","The pay, the team members, and HR.",Management is too scattered to really train you.,2021-11-17,Overnight Stocker
WMT-283,Walmart,4.0,"Current Employee, more than 1 year",Decent,Good Pay and good benefits,"constant lack of workers, over worked, not very flexible,",2021-11-09,Certified Pharmacy Technician
WMT-284,Walmart,4.0,Former Employee,WalMart Pro/ Cons,"The insurance is good. I know I make more money than some of my peers. I feel like its job security because so many people shop there. No matter how bad the economy gets, consumers are still going to need to buy groceries so I also feel like its a good choice to stay stable in uncertain times.",Wal-Mart's attendance policy leaves things to be desired. I understand that people shouldn't call in all the time. But I totally disagree with giving someone an unexused absense when they have a doctor's note to prove that they or a family member were actually ill. I have a write up on my record that i was given for missing a total of six days in a twelve month period. Only one of those absenses did not include a doctor's note. Actually the one day I missed that I didn't go to the doctor was due to a sunburn I recieved while I was working on a charity project for guess who...Wal-Mart!,2021-09-03,Sales Associate
WMT-285,Walmart,4.0,"Former Employee, more than 3 years",Walmart Pros and Cons,"Flexible schedules for some positions, decent pay, various positions, feeling of family within the departments and store, casual dress code. They hire a diversified group of folks. Provide some accommodation options for disabled folks. They try to work with you if issues come up.",Being expected to do other job duties not suited for (eg. cashiering when hired to do stocking or sales). Must have doctor's statement if unable to do certain jobs. Having rigid schedule for some positions.,2021-09-14,Retail Associate
WMT-286,Walmart,4.0,"Former Employee, more than 5 years",Real Estate and Construction,"Team Environment
Opportunity for Growth
Stock options and bonuses
Good pay","Regular layoffs
Long Hours
Complicated HR department",2021-11-15,Senior Manager
WMT-287,Walmart,5.0,"Current Employee, more than 1 year",Job,You make a good amount of money,Some co-workers are hard to deal with,2021-11-17,Sales Associate
WMT-288,Walmart,4.0,Former Employee,Easy college job,Flexible work schedule. Easy job,It’s Walmart. The coworkers are lazy af.,2021-11-18,Online Grocery Pickup Associate
WMT-289,Walmart,4.0,Former Employee,Salary,Benefits and pay and 1 hr lunch and time off and fun.,Walmart is hell. Do not work here.,2021-11-17,Sales Associate
WMT-290,Walmart,4.0,Former Employee,Salary,Benefits and pay and 1 hr lunch and time off and fun.,Walmart is hell. Do not work here.,2021-11-17,Sales Associate
WMT-291,Walmart,4.0,"Former Employee, more than 5 years",Was good for a long time,Good benefits 401k health dental,Hours turnover short staffed not enough tools,2021-11-13,Department Manager
WMT-292,Walmart,3.0,"Current Employee, more than 10 years",Stressful,"Easy to shop, maintain a permanent schedule shift.","On feet all day. Pushing heavy carts while customers are shopping. Can be heavy lifting. Need to maintain a pick rate. They have specs to maintain ,",2021-11-20,E-Commerce Associate
WMT-293,Walmart,5.0,Current Employee,good,pay good me like a lot,work need more employees asap,2021-11-16,Stocker
WMT-294,Walmart,5.0,Former Employee,Great Job,Everything is a plus working here!,Nothing that I can think of,2021-11-18,Risk Manager Lead
WMT-295,Walmart,4.0,"Former Employee, more than 3 years",Not bad if you need work,"Decent money, decent hours decent benefits",Typical corporate structure with typical corporate pitfalls,2021-11-16,Team Service
WMT-296,Walmart,5.0,"Former Employee, more than 1 year",Cashier,Great place to work actually,Not so great place to work actually,2021-11-16,Cashier
WMT-297,Walmart,5.0,Current Employee,Pharmacist,"Lunch breaks, online resources, management, competitive pay, PTO","Vaccinations, metrics, customers, general retail setting",2021-11-17,Pharmacist
WMT-298,Walmart,4.0,"Current Employee, less than 1 year",It's fine. pays well.,Pay is 16.50 an hour,They don't encourage our really like you taking with coworkers,2021-11-15,Stocking Associate
WMT-299,Walmart,5.0,"Former Employee, more than 1 year",Cool,Very nice people friendly environment,Low pay scale and not much else,2021-11-17,Anonymous Employee
WMT-300,Walmart,2.0,"Current Employee, more than 1 year",Management was terrible,Great at first and learned how to do cakes faster,Management was terrible and most of them have been fired or left by now. Hours were random and they discouraged school. Cross training was forced but not all employees were given raises for it.,2021-11-18,Cake Decorator
WMT-301,Walmart,4.0,Current Employee,Good part-time college job,friendly work environment and had different daily tasks,customer service always has a few unpleasant people,2021-11-15,Cashier
WMT-302,Walmart,4.0,Former Employee,Good job,Good job decent pay .,Devices unavailable and systems errors,2021-11-17,Personal Shopper
WMT-303,Walmart,5.0,Current Employee,N/A,good work environment and experience,There are inflexible work hours,2021-11-17,Front Desk Receptionist
WMT-304,Walmart,4.0,"Former Employee, more than 3 years","Not the worst, not the best.","Good people to work around. Relatively easy job, minus the people who're gonna be upset no matter what you do.","I did a lot of work in areas I wasn't exactly paid to be doing, but I guess that comes with being respected by mangement. They wanna see how far you'll go before asking for what you deserve",2021-10-31,Cashier
WMT-305,Walmart,5.0,Former Employee,Cashier,Busy all the time constant l,Rude customers not flexible schedule,2021-11-15,Cashier
WMT-306,Walmart,5.0,"Former Employee, more than 1 year",Great benefits,"great management, great healthcare f",Hours could be better ok,2021-11-15,Cashier
WMT-307,Walmart,4.0,Current Employee,Cool,Checking bag experience is great.,Don't control hours as much.,2021-11-17,Cashier
WMT-308,Walmart,5.0,Current Employee,One of the better companies to work for as a pharmacist,More tech and pharmacist budget hours than competitors,Senior managers send group texts not stop on days off and expect responses for non urgent matters,2021-11-08,Pharmacist
WMT-309,Walmart,3.0,"Current Employee, more than 3 years",Mixed Experiences,"There are three pros of working at Walmart. First, Walmart fully pays for my college education. Second, Walmart offers a good 401k plan because Walmart offers a 100% match of up to 6% of your paycheck that is invested in your 401k. Third, walmart offers a 15% match on any Walmart stock purchases.","There are several cons about working at Walmart. First, Walmart does not pay as well as many other major retailers such as Target and Costco, which both pay a minimum of $15 an hour. Second, Walmart takes away your previously earned raises when they bump the base pay up. This year I received my second pay raise, which bumped me from $13.16 to 13.42; however, my pay second pay raise was taken away when the Walmart raised its base pay from $12.90 an hour to $14. I now only make $14.16 an hour, instead of the $14.42 an hour that I should be making, which is unbelievable to me because currently my pay is only $0.16 more than any associate that is now hired in my department. It's unbelievable to me that I have been at Walmart for almost three years and I only make 16 cents more an hour than brand new associates. Third, most Walmart managers were previously Walmart associates and the vast majority do not have any prior training in management. This leads to many Walmart managers either trying to micromanage employees, not behaving professionally, or not knowing how to properly communicate with associates.",2021-11-09,Walmart Online Grocery Pickup
WMT-310,Walmart,1.0,Current Employee,Unorganized/unprofessional,"None at all, they didn’t think any of this through when they decided to go remote.","TL/TMs are not on the same page, they lie, never respond to you in a timely manner. You’ll be moved around about 3 times before your in a actual queue. They use you to help out other queues then will be last minute and move you somewhere else. No OT unless they so. They have smart mouths, catch attitudes with you when your expressing your concerns. It’s know use going to any of them about anything because they all respond the same way, script reading. These people sit behind their laptops in meetings or calendar events all day. The reliability with max should not exist. Every day through out the shift there are system issues, crashes, slow sites, like you get through a whole shift without having any issues.",2021-10-20,RESOLUTION COORDINATOR II
WMT-311,Walmart,5.0,Current Employee,Best. Inclusive. Environment!,"Culture, Professional Development, Environment, Telework policy","Distance from colleagues in AR, Takes time to learn size of business",2021-11-14,Manager
WMT-312,Walmart,4.0,"Former Employee, more than 1 year",Whatever,"Coworkers never fail to make good company, and the work's not so bad considering the pay.","Mediocre managers, not super flexible.",2021-11-14,ECommerce Personal Shopper
WMT-313,Walmart,4.0,Former Employee,They were good till they changed the management chain,"PTO, Good Hours, Good pay, Good benefits",Now hard to move up to management,2021-11-11,Personal Shopper/OGP
WMT-314,Walmart,5.0,"Current Employee, more than 10 years",Amazing,Great benefits regular hours. Good pay,I like working there. Nice,2021-11-15,Clerk
WMT-315,Walmart,5.0,Former Employee,Become a spark at Walmart !!!,Nice people and friendly management.,A lot of people call out from time to time leaving you with more work then a usually shift.,2021-11-10,Warehouse Worker
WMT-316,Walmart,4.0,"Current Employee, less than 1 year",Good Enviroment,"Good coworkers, and training coaches",Management can have its ups and downs,2021-11-16,Student
WMT-317,Walmart,5.0,Current Employee,Good,Fun and happy and fast,It’s fun place to work,2021-11-16,Personal Shopper/OGP
WMT-318,Walmart,2.0,"Former Employee, more than 3 years",Bad pay under appreciated,"Discount is nice but not much, and PTO is not terrible",If you are under management they either play favorites or just leave you to drown on the front end,2021-11-23,Sales Associate/Cashier
WMT-319,Walmart,4.0,"Current Employee, more than 3 years",Paid for my BA,"If you actually look into the benefits and make use of them they have good ones. The dollar a day college program is what drew me and kept me the last couple of years. I have medical, dental, and vision insurance as well as a 401K. There is an associate stock buying program and they negotiate discounts on cell phone plans, travel, and other stuff if you are into it. If you have the right boss the job is easy enough.",The company is not keeping up with online competitors and is making hours cuts at the store level to compensate. This just leads to more customer frustration which means they are losing in person customers as well. I think they might be going the way of Sears and the other unwieldy giants. My store manager sucks and it shows in the state of the store. Some stores are better than others.,2021-07-07,E-Commerce Associate
WMT-320,Walmart,5.0,"Current Employee, more than 1 year",Great Job,Walmart offers great pay and is very good about giving you your breaks,"Sometimes you have to do a little bit more than your own job, but that’s anywhere you work.",2021-11-10,Front End Associate
WMT-321,Walmart,2.0,Former Employee,walmart,"Work Hours, 1 hour lunch break","No overtime no holiday pay, have to work to earn pto after 90 days",2021-11-26,Warehouse
WMT-322,Walmart,4.0,Former Employee,Stocking and unloading,Good pay and passionate co-workers.,Hard days and extensive work.,2021-11-16,Over Night Stocker
WMT-323,Walmart,4.0,Former Employee,Loved working here,Great work environment and fun,Kind of strict with attendance,2021-11-16,Department Manager
WMT-324,Walmart,5.0,Current Employee,Great,Pay is ok I guess,Rude customers are a huge problem,2021-11-17,Sales Associate
WMT-325,Walmart,5.0,Current Employee,Environment,The work environment was great.,The pay was not so great.,2021-11-17,Customer Service Representative
WMT-326,Walmart,5.0,Former Employee,"Picking orders on the floor, staging and prepping orders to dispense.",Everyone works as a team to keep everything flowing.,There's no cons in my opinion.,2021-11-12,Online Grocery Pickup
WMT-327,Walmart,5.0,Current Employee,Great Company to work for.,"• Great Pay
• Free to dress/be yourself
• Amazing Opportunities",I can’t really think of any cons… maybe the 5 point system.,2021-11-13,Personal Shopper/OGP
WMT-328,Walmart,4.0,Current Employee,Calm,"Independent of the rest of the store
Choose when you want to take breaks if alone
Low stress","General dirty janitorial work
Sometimes given different tasks that do not relate to your position
May be pulled to fill in another position (can be pro or con)",2021-11-04,Maintenance
WMT-329,Walmart,4.0,"Former Employee, less than 1 year",working,good coworkers in the store,all day is the same everyday,2021-11-16,Cap II Associate
WMT-330,Walmart,4.0,Current Employee,Calm,"Independent of the rest of the store
Choose when you want to take breaks if alone
Low stress","General dirty janitorial work
Sometimes given different tasks that do not relate to your position
May be pulled to fill in another position (can be pro or con)",2021-11-04,Maintenance
WMT-331,Walmart,4.0,"Former Employee, less than 1 year",working,good coworkers in the store,all day is the same everyday,2021-11-16,Cap II Associate
WMT-332,Walmart,5.0,Former Employee,Fair,Have flexible work schedule hours,"Long work days, long hours",2021-11-16,Anonymous Employee
WMT-333,Walmart,4.0,Former Employee,Good,"easy job, 
casual culture,
nice coworkers","can be boring at times,
rude customers",2021-11-17,Asset Protection Customer Host
WMT-334,Walmart,2.0,"Current Employee, less than 1 year",Overworked for $11 and refused me a different position,Free snacks in the break room 1 hour breaks,Forced inside freezer im 95lbs,2021-10-21,EARLY MORNING STOCKER
WMT-335,Walmart,4.0,"Current Employee, less than 1 year","Good pay, good hours","Good pay -18.50
Good hours
Get to clock in 9 minutes before or after after works starts",Lack of training. But luckily the job is very understandable that you wouldn't need too much anyways.,2021-11-09,WalMart Overnight Stocker
WMT-336,Walmart,5.0,Former Employee,GOOD PLACE TO WORK AT,"Want a nice boss? this is the place for you.
Thinking to be a pharmacy tech? this is a good stepping stone becoming a pharmacy tech.
You will actually be a helper for the pharmacy tech and pharmacists.","If you don’t like to moving a lot, then this job is not for you. If you can’t deal with a lot of customer everyday then this job is not for you.",2021-10-25,Over the Counter Pharmacy Associate
WMT-337,Walmart,4.0,Former Employee,Working during the pandemic,"Amazing staff, a great place to gain experience in a social setting where you meet and assist a diverse group of people","Standing all day, and working during the holiday season can get hectic",2021-11-02,Retail Sales Associate
WMT-338,Walmart,2.0,Former Employee,Not a great job,"Decent Pay
Easy work
10% off after 3 months of working there","Management was not great, they only let you take 5 sick days a year
Mindless work
Bad Employees, they would take 3x more breaks then supposed to but never punished
Can't listen to music
Very physical, Lifted 40 pound crates frequently, walked 25000 steps a shift
Can't take tips
Not much room for growth
Smelled weird
Overall bad work environment",2021-11-15,Personal Shopper/OGP
WMT-339,Walmart,4.0,Former Employee,Cadhier,Great job great staff is wondeful,Services is horrible. Take long to check out,2021-11-15,Cashier
WMT-340,Walmart,5.0,Current Employee,Good for college students,Salary is good and benefits,Long period hours walking and,2021-11-16,Stocker
WMT-341,Walmart,4.0,"Former Employee, less than 1 year",Review,Overall great experience and easy,lacked in employee time managing,2021-11-16,Cashier
WMT-342,Walmart,5.0,"Current Employee, less than 1 year",Good company to work for,Much better than big chains. Help more staff help,Nothing really. Everything is good so far.,2021-11-13,Pharmacist
WMT-343,Walmart,5.0,Current Employee,It's good,It's a very friendly place to work at,It pays just above minimum wage,2021-11-13,Bakery/Deli Associate
WMT-344,Walmart,1.0,"Former Employee, more than 5 years",Will make you regret applying there,Unfortunately there is not anything positive I could say other than that I learned what I want out of a job and what not to do in a supervisor position.,"Constant schedule changes
Work life balance non existent
Taking time off is frowned upon
Nepotism and favoritism is a big factor 
The paycheck sounds nice but not worth losing your sanity or life over it.",2021-11-23,Certified Pharmacy Technician Lead
WMT-345,Walmart,4.0,"Former Employee, less than 1 year",Good but limiting scheduling,"13 dollars so okay pay
Good regular hours
Relative simple and easy to follow","No flexibility 
Lack of good trust in team leaders",2021-11-12,Stocker
WMT-346,Walmart,4.0,"Current Employee, more than 3 years",Pretty good,"Great pay and 
Good hour",Always short staffed so you almost alway have very little help,2021-11-14,Anonymous Employee
WMT-347,Walmart,4.0,"Current Employee, more than 1 year",Great job,"The Money, hometime, and retirement.","Slip seat, can't plan your day. Dealing with stores and vendors can be frustrating. Always on camera. 14hr. Days.",2021-11-12,Class A Cdl Truck Driver
WMT-348,Walmart,1.0,"Former Employee, more than 3 years",Not worth the stress and impact on your mental health,The pay was okay but the town(bentonville) and some of the people were just a bunch of cutt throats from south asia.,"H1B visa mill for low skilled workers.

Company treats foreign workers better than citizens. You will be placed 2 levels below someone that is less competent so theres no reason to stay here and expect to move up the ladder like them.

Company will force you to train offshore resources that make your life a living hell. They get treated better too because of their low cost, while you get treated bad because the offshore resources arent delivering on time and with quality.

There are too many complacent managers/ directors/ vps that are disconnected from the workforce and they will make the worse decisions youve ever seen. 

Company doesnt care about their employees mental health. They will keep you away from family to live in the middle of nowhere. 

Incompetent people that want you to do their work even though they have a higher job title than you.

A ton of project managers/ program managers (ive had 4 of them on one project and they are always asking noob questions and taking up valuable time) that arent adding any value. Their only purpose is to communicate to upper management about your work and your progress. 

If you are an American then be prepared to get treated unfairly. If you are an underrepresented minority then be prepared to experience systemic racism through people that strongly believe in a caste system.",2021-07-29,Software Engineer
WMT-349,Walmart,3.0,"Current Employee, more than 8 years",a good job if you want to make your job your life,"There is room to grow in the company if your looking to make it a career , flexible schedules with in reason . pay has increased in multiple departments recently .","Some Stores are ran better than others which very frustrating , no time off during holidays , the company doesn't really care about there employees which is why they always have staffing problems. another issue is your pto shouldn't be denied because they don't want to hire anyone in your position . That is not a good way to keep employees",2021-08-15,Asset Protection Specialist
WMT-350,Walmart,3.0,"Current Employee, more than 8 years",a good job if you want to make your job your life,"There is room to grow in the company if your looking to make it a career , flexible schedules with in reason . pay has increased in multiple departments recently .","Some Stores are ran better than others which very frustrating , no time off during holidays , the company doesn't really care about there employees which is why they always have staffing problems. another issue is your pto shouldn't be denied because they don't want to hire anyone in your position . That is not a good way to keep employees",2021-08-15,Asset Protection Specialist
WMT-351,Walmart,2.0,Former Employee,Review,Work is steady and consistent,"The work takes a toll on your feet
The breaks arent very good",2021-11-26,Information Technology
WMT-352,Walmart,5.0,"Former Employee, more than 1 year",awesome place for me,I appreciate how Walmart has turned around their overall incentives and programs for workers,waking up at 4 am to go to work. I'm a night owl,2021-11-10,Groceries Online Shopper
WMT-353,Walmart,4.0,Current Employee,Great environment with a good amount of people as a team,"Pay, Discounts, Associates, Scheduling, Understanding of situations",Sometimes there's a lack of communication,2021-11-13,Stock Associate
WMT-354,Walmart,2.0,"Current Employee, less than 1 year",It's okay,It's pretty standard in terms of the Retail experience,"They treat you like a number, and HR is a joke. If you get sick and end up in the hospital they will tell you they don't have an option to submit documentation to get the days off removed from your record- just go over their head and straight to corporate about it for an actual response. Still got denied, though. Even after having all the documentation needed when I had been in the hospital for 3 weeks.",2021-11-12,Sales Associate%2FCashier
WMT-355,Walmart,5.0,"Former Employee, less than 1 year",Good,"Fair pay and benefits, supportive workplace",Can be very busy sometimes,2021-11-15,Anonymous Employee
WMT-356,Walmart,2.0,Former Employee,10 years at walmart,Its a job that pays well for new hires. Would suggest its ok for a first job has bennifits and reasonable starting pay.,"Mangers suck and dont care about your life and needs outside the company unless your in there click. Problem is they have stopped giving bonuses, they dont work around your family life,and you will probably make the same amount of money as a new hire eventually. All this does nothing for moral. I would highly suggest for a first time job, but I had enough.Dont get stuck there too long. Unless you plan on moving up thats not easy to do anymore because there aren't as many spots for management as there used to be.",2021-10-15,Sales Associate
WMT-357,Walmart,3.0,"Current Employee, more than 8 years",Ok,"Fast paced environment, fun people to work with",This is a job for 3 people,2021-11-25,People Lead
WMT-358,Walmart,5.0,Current Employee,Cap 1 Stocker,"Diversity of things to do, allows you you to learn more about how the business runs on the ground.","None that I can think of, but that's my opinion",2021-11-10,Stocker Ta
WMT-359,Walmart,3.0,"Current Employee, less than 1 year",Good place for youth,Pay is great out of high-school and supervisor positions are top tier.,Cap 1 comes in at 4am. Are. Yall. Crazy? .. ruined my career path. The pay could be 1$ higher and the company would run better with happier employees but they can't do it.,2021-11-21,WalMart Overnight Stocker
WMT-360,Walmart,5.0,Current Employee,Cap 1 Stocker,"Diversity of things to do, allows you you to learn more about how the business runs on the ground.","None that I can think of, but that's my opinion",2021-11-10,Stocker Ta
WMT-361,Walmart,3.0,"Current Employee, less than 1 year",Good place for youth,Pay is great out of high-school and supervisor positions are top tier.,Cap 1 comes in at 4am. Are. Yall. Crazy? .. ruined my career path. The pay could be 1$ higher and the company would run better with happier employees but they can't do it.,2021-11-21,WalMart Overnight Stocker
WMT-362,Walmart,2.0,"Former Employee, less than 1 year",Don't work at walmart unless you like slave work,"good pay
easy to hire
dont have to talk to anyone","long hours
always on feet
strict management
i was scared to even take bathroom breaks",2021-11-23,Warehouse Associate
WMT-363,Walmart,5.0,Former Employee,Excellent Place to Work,"Offer great benefits, flexible schedule, great pay for beginners",short breaks and waiting for someone to recover you.,2021-11-12,Door Greeter
WMT-364,Walmart,5.0,Former Employee,Walmart,"Great company, easy job, good pay","To much drama, doesn’t work with your schedule",2021-11-14,Cashier
WMT-365,Walmart,5.0,Former Employee,Good job overall,"Great environment 
Fast paced
Good people",Hours had a wide range of ariety,2021-11-15,Customer Service Representative
WMT-366,Walmart,5.0,Former Employee,very Good Company,Team work is big inn this company,"None, everyone was so helpful",2021-11-15,Data Entry
WMT-367,Walmart,5.0,"Former Employee, less than 1 year",My experience at Walmart,"Fast paced
Not boring
Management is nice
Flexible hours","Rude customers 
Drama between associates even on first day
Rude associates
Not organized",2021-11-11,Cashier
WMT-368,Walmart,5.0,Current Employee,Excellent,best job to be at,pay for what you do,2021-11-16,Anonymous Employee
WMT-369,Walmart,5.0,"Current Employee, more than 1 year",great,money for family and to go out and eat food,I dont make enough money to go out and eat food,2021-11-09,Cashier
WMT-370,Walmart,4.0,Former Employee,Working At Walmart,"-Great Teams
-Great Income
-Benefits are worth it
-Very good at building a future","-Not a lot of flexibility with requiring time off for illness and emergency.
-Attendance points are too low
-Don't understand that not everyone is the same and some have things going on that they need to call off for.",2021-11-02,Anonymous Employee
WMT-371,Walmart,5.0,"Current Employee, less than 1 year",good,pay is good environment is good,work too much too many hours.,2021-11-14,Sales Representative
WMT-372,Walmart,4.0,Current Employee,Good place to start,Good bosses and understanding HR,Big corporation that drives out competition,2021-11-14,Maintenance
WMT-373,Walmart,4.0,Current Employee,Walmart,Good pay /Benefits/ Payed Education,Long hours/ No holidays off,2021-11-16,Team Lead
WMT-374,Walmart,5.0,"Current Employee, more than 1 year",Pretty sweet place for Entry Level Employees,Legitimate job growth potential with competitive pay,Required overtime every Christmas and New Year's Day,2021-11-10,Operations Analyst
WMT-375,Walmart,3.0,Former Employee,walmart in st pete,"cleanliness, organized, tidy, nice, quiet","pay wasn't right, drama, rude, uncomfortable to work there and they said they hired me at the wrong time. And didn't trained me well I didn't know what to do",2021-11-22,Anonymous Employee
WMT-376,Walmart,5.0,"Former Employee, less than 1 year",Loved meeting people,Friendly work environment and meeting people,Standing on my feet for long periods of time,2021-11-09,Cashier
WMT-377,Walmart,4.0,Former Employee,good,"flexible hours, work with what is available to you, plenty of ppto if you work for it","systems are often off, making schedules not 100% what is available to you",2021-11-09,Sales Associate
WMT-378,Walmart,2.0,"Current Employee, more than 3 years",No longer 24/7,"Employee discount
Great benefits
You can get advance between your pay periods",No longer 24/7 some management will talk down to you to earn respect you much show respect whether your the highest pay mid pay or if you just start it should be respect each other no matter position but some doesn't even respect themselves,2021-11-05,Sales Associate
WMT-379,Walmart,4.0,Current Employee,Good pay,The wages are very good,Hours are not flexible especially for weekends,2021-11-14,Cashier
WMT-380,Walmart,5.0,Former Employee,I loved it so much,Great time to hang with family,None that I can think of,2021-11-11,Anonymous Employee
WMT-381,Walmart,4.0,Former Employee,Supportive,They were supportive. They worked with my hours and schedule. The pay was pretty good.,Little opportunity for advancement. Sometimes they played favorites.,2021-11-12,Cashier
WMT-382,Walmart,3.0,"Current Employee, less than 1 year",It’s what you make of it.,"There is a process in place that is not hard to follow, and leadership can be helpful if you’re a dedicated assisted.",Repetitive work and the nature of the stress falling on team leaders and managers spills over to associates.,2021-11-16,Fulfillment Associate
WMT-383,Walmart,5.0,"Current Employee, more than 1 year",Fun but ehh,Cash but not really funn just pays,Customers screaming and yelling and screaming and yelling. Annoying.,2021-11-10,Cashier
WMT-384,Walmart,4.0,"Former Employee, more than 1 year",Pretty good job,Management was nice and professional. Salary was excellent,Very restricted on what we could do to help irate customers. Always had to call management,2021-11-10,Customer Service Representative
WMT-385,Walmart,4.0,"Former Employee, more than 5 years",Review,"Co-workers were nice
Health insurance
Easy to learn the job","Not very flexible with hours.
They take advantage of the good workers rather than asking more of lesser ones",2021-11-10,Sales Associate
WMT-386,Walmart,4.0,Current Employee,Na,"easy, good pay, reliable and management good at my store",deal with general public which some days is not good especially with current inflation and shortages,2021-11-11,Digital Personal Shopper
WMT-387,Walmart,4.0,"Former Employee, more than 1 year",Merchandise division,"Autonomy, empowerment, talent, network, interesting!","Inflexibility, robotic, complex, lack of process",2021-11-14,Senior Merchandise Manager
WMT-388,Walmart,4.0,"Current Employee, less than 1 year",Walmart,"~ Good Breaks
~ Good Hourly pay","~ Managment
~ Costumers can be rude",2021-11-15,Sales Associate/Cashier
WMT-389,Walmart,5.0,"Former Employee, more than 1 year",Great,Great environment but lacking development,Not great at holidays or summer,2021-11-15,Cashier
WMT-390,Walmart,3.0,Current Employee,Okay,It is not the worst,Not the best there is either,2021-11-25,Sales Associate
WMT-391,Walmart,3.0,"Current Employee, more than 5 years",Na,Protected pto and good insurance,Events prevent you from requesting off,2021-11-25,Ogp Associate
WMT-392,Walmart,4.0,"Former Employee, more than 1 year",Great First Job,"Great starting pay
Managers were awesome
Great hours","Customers can be rude
Strict work attire",2021-11-09,Cashier
WMT-393,Walmart,4.0,Current Employee,They pay good often times understaffed and very hectic days,One of the few Highest paid departments and the work isn’t to hard,Often understaffed since the pandemic the team could be much better with a better dependable staff and much better teamwork,2021-11-05,Deli Clerk
WMT-394,Walmart,5.0,"Former Employee, more than 1 year",Best place to work,"Good technical people
Good pay, career growth",Benefits are not on par especially stock option,2021-11-12,Senior Software Developer
WMT-395,Walmart,4.0,Former Employee,Decent,Not very hard to do,It felt like HR didnt care,2021-11-14,Currently Unemployed
WMT-396,Walmart,5.0,"Former Employee, more than 1 year",Nice,Good environment and excellent coworkers,Schedule flexibility could be better,2021-11-14,Sales Associate%2FCashier
WMT-397,Walmart,5.0,Former Employee,Great,Great Benefits and Great environment,Slow days and slow paste,2021-11-15,Stocker
WMT-398,Walmart,4.0,Former Employee,Ok,Nice clean environment great people,Nothing great overall easy and chill,2021-11-15,Tech Consultant
WMT-399,Walmart,4.0,"Former Employee, less than 1 year",Decent,"Great pay, great benefits, decent work schedules",Production based if your not fast and accurate they will let you go. Mandatory overtime,2021-11-10,Forklift Driver
WMT-400,Walmart,4.0,"Former Employee, less than 1 year",Decent,"Great pay, great benefits, decent work schedules",Production based if your not fast and accurate they will let you go. Mandatory overtime,2021-11-10,Forklift Driver
WMT-401,Walmart,4.0,Current Employee,Okay,Nice pay lots of overtime,Sometimes doing 2-3 peoples jobs for them,2021-11-13,Personal Shopper
WMT-402,Walmart,2.0,Current Employee,Rude,10% off on select items,Management is very rude. Cap 2 does a lot more then every other department and get paid the same and even less than some.,2021-11-20,Replenishment Associate
WMT-403,Walmart,4.0,"Former Employee, less than 1 year",Walmart Review,"There is an element of simplicity to the job, and you only have to do what's asked of you","The hours are not as flexible as they appear to be, and there will be rude customers the more you work",2021-11-04,Self Checkout Host
WMT-404,Walmart,5.0,Current Employee,N/A,N/A good job interesting schedule very interesting,N/A good job more hours better opportunities good employees,2021-11-12,Walmart
WMT-405,Walmart,5.0,Current Employee,This is a review for customer host position,This job Great customer service exsperiance.,This job is very mentally challenging.,2021-11-12,Asset Protection Customer Host
WMT-406,Walmart,4.0,Former Employee,Excellent benefits but inconsistent scheduling,"Co-workers were generally very positive and friendly
Medical, dental insurance coverage with discounts after 3 months
Generally easy work","Lack of communication between sections can lead to multiple managers saying conflicting orders, and some did this knowing another manager had already issued an assignment.",2021-10-08,Deli/Bakery Associate
WMT-407,Walmart,4.0,"Former Employee, less than 1 year",Walmart OGP Review,The pay was good for a summer job. The coworkers were good people to be around and work with. I worked morning shifts from 6am to 3pm.,There were at times when people would call out of work or we would be short staffed and orders were continuing to come in. It was fast paced so you had to always be doing something.,2021-10-16,Online Grocery Pickup Associate
WMT-408,Walmart,4.0,"Former Employee, more than 5 years",interview,great job to work at,not enough emplees at all,2021-11-13,Customer Service Representative
WMT-409,Walmart,4.0,Former Employee,OK Place,Always paid on time. Manager was nice.,Customers could be very unpleasant,2021-11-13,Sales Associate
WMT-410,Walmart,4.0,"Former Employee, more than 5 years",interview,great job to work at,not enough emplees at all,2021-11-13,Customer Service Representative
WMT-411,Walmart,4.0,Former Employee,OK Place,Always paid on time. Manager was nice.,Customers could be very unpleasant,2021-11-13,Sales Associate
WMT-412,Walmart,4.0,"Current Employee, more than 1 year",Mostly good but the company cares more about politics.,The company is always going to be around.,Worries more about politics and the image of the company than right and wrong.,2021-11-06,Asset Protection Associate
WMT-413,Walmart,4.0,Current Employee,Teenager friendly,"Light Assignments for Youth
Easy scheduling","Depending on management, varies workload and attitude",2021-11-11,Online Grocery Pickup
WMT-414,Walmart,4.0,Current Employee,Nice team but unorganized,Great coworkers flexible hours and good pay,Unorganized at times things could be done more efficiently,2021-11-12,Stocker
WMT-415,Walmart,2.0,"Current Employee, more than 1 year","Walmart, don’t work here.","Flexible schedule, nice coworkers, enough breaks.","Unfair pay. Management is terrible, they practically talk to you like children while you’re out in the floor and they’re all in the back laughing. When management is out in the floor they always got their heads buried in their phone while at the same time telling you you aren’t allowed on your phone on the floor. Management is just absolutely terrible.",2021-11-04,Retail Sales Associate
WMT-416,Walmart,4.0,"Former Employee, more than 1 year",Most boring job,"Easy enough that anyone can do it 
Very simple","boring 
very limited support 
not very good as an entry-level job",2021-11-10,Asset Protection Associate
WMT-417,Walmart,1.0,"Current Employee, more than 1 year",Management is Awful,"It’s a job, and not everyone sucks","Upper management only thinks about themselves, they don’t care about you as a person you were just a number, they will you scare tactic to make you think that you have to stay, but will never tell you thank you for a job well done",2021-11-17,Team Lead
WMT-418,Walmart,3.0,"Former Employee, more than 1 year",Meet the managers first.,Great pay and benefits for employees,Typical cons as with any other job depends on the store though definitely.,2021-11-23,Sales Associate
WMT-419,Walmart,5.0,"Former Employee, less than 1 year",Working at a neighborhood Walmart,"Great coworkers 
Good pay
Good working environment 
Great with your schedule
Pay every 2 weeks
Customers are usually very friendly","On your feet 
Unrealistic time expectations",2021-11-08,Grocery Stocker
WMT-420,Walmart,5.0,Current Employee,Worker,"Great place to work, love it here","It’s a little busy sometimes, only com",2021-11-12,Checker
WMT-421,Walmart,3.0,"Current Employee, more than 5 years",Should give better pay for Front End Academy Trainers.,Good benefits extended to employees.,"They removed the quarterly bonuses.
Pay for Front End Academy Trainers isn't commensurate to job responsibilities and is almost the same as regular associate's pay like the night stockers and those from online grocery pick-up.",2021-11-14,Front End Academy Trainer
WMT-422,Walmart,2.0,Current Employee,Not a bad company to work for,"Company has a lot of pros such as stock options, 401k, employees can go to college for $1 if they choose a program., employee discount","Long hours, company policy is open to interpretation",2021-11-21,Customer Service Representative
WMT-423,Walmart,3.0,Former Employee,It was decent,"Hour lunch breaks.
Active environment.
Easy Access to food for lunch breaks","management not good at all.
Everything is rushed. They only care about covering their tracks.",2021-11-21,Stock Associate
WMT-424,Walmart,3.0,"Current Employee, less than 1 year",Just started,"It’s money 
It’s socialization for the older folks
Angry Customers do de-escalate if you just listen to them.
Exercise","Corporate meaning lots of rules 
Some employees work hard and some not
Probably takes a while for advancement",2021-11-16,Front End Cashier Team Associate
WMT-425,Walmart,4.0,Current Employee,pretty good,Good pay secure hours benefits are solid,Trying to take a break is the most stressful part of the job.,2021-11-10,Order Filler
WMT-426,Walmart,5.0,"Current Employee, more than 10 years",Great Co,"Family friendly, values based co.",Many long days as customers needs come first,2021-11-10,Marketing Manager
WMT-427,Walmart,4.0,Former Employee,okay for first job,"good pay, flexible hours, and many opportunity for overtime","long hours, people dont care for covid",2021-11-08,Sales Associate/Cashier
WMT-428,Walmart,4.0,"Current Employee, less than 1 year",Positive experience so far.. co workers are friendly,The Pay is the best part … definitely competitive,Really just the crowd that we can’t help on the weekends,2021-11-09,Anonymous Employee
WMT-429,Walmart,4.0,"Current Employee, more than 1 year",Walmart Digital Shopper,"•Easy
•Get exercise
•When shopping for other people you get introduced to new things","•Over worked when short staffed
•It’s good for a temporary but not a forever",2021-11-09,Personal Digital Shopper
WMT-430,Walmart,4.0,"Current Employee, more than 1 year",Walmart Digital Shopper,"•Easy
•Get exercise
•When shopping for other people you get introduced to new things","•Over worked when short staffed
•It’s good for a temporary but not a forever",2021-11-09,Personal Digital Shopper
WMT-431,Walmart,5.0,"Current Employee, more than 3 years",Good Culture,Culture is good here. Everyone show expect to others,"Bid company share some common cons. Eg, low efficiency when submitting a ticket",2021-11-09,Anonymous Employee
WMT-432,Walmart,4.0,"Current Employee, less than 1 year",Unorganized at times,"Shifts go by fast
Co-workers make work tolerable
2 mandatory 15 minute breaks","Understaffed most of the time
Poor communication amongst management
Did I mention Understaffed?",2021-11-10,Cap I
WMT-433,Walmart,5.0,"Former Employee, more than 3 years",Associate,The hours were very good,Working on holidays and weekends,2021-11-14,DSD Receiver
WMT-434,Walmart,3.0,"Former Employee, more than 10 years",Many Pros and Cons when you work at Walmart,"Comradery, friendship with other Associates.
Great experience if you truly like working with people.
401k is excellent
Paid Time Off is generous after a few years
Associate Discounts","Lots of training, but it's not EFFECTIVE training. Too much online, not enough role playing real day-to-day activities.
Stores are so short-handed that Associates feel every customer is an interruption instead of an opportunity.",2021-10-26,Department Sales Supervisor
WMT-435,Walmart,3.0,"Current Employee, more than 3 years",Good,"Good job, pays well, 40hours a week","A lot of politics, drama, lack of communication, lack of resources to get the job done",2021-11-21,Quality Assurance
WMT-436,Walmart,2.0,Current Employee,It's a Job,"If you need money with no experience, then it will pay the bills somewhat. They are lenient about time off and fair about giving you breaks.","Management constantly has unrealistic demands and will give you conflicting tasks in multiple areas of the store that are far away from each other and then expect you to also jump on the register at any given time and still meet deadlines. 

There is no support or understanding if you don't meet quota due to these restrictions put onto you that are mainly due to poor staffing and management styles.

The constant pressure on your back to perform at a high level with little compensation and little ability to move up will make this job a nightmare fast.",2021-09-13,Retail Sales Associate
WMT-437,Walmart,5.0,Current Employee,Good,Overall good experience and great team,Don’t treat contractors well and less respectful,2021-11-12,Senior Software Engineer-L3
WMT-438,Walmart,2.0,Former Employee,Standards are a thing for a good reason,"Decent pay, decent hours available, fast paced engaging environment, opportunity for promotion, meaningful interactions with customers",Ideas like integrity are just meaningless words here. There are double standards when it comes to the company's own policy. Job satisfaction is dependent on whether you are placed under a nice manager or a psychopath. Some managers encourage conflict among lower level employees or they instigate it themselves.,2021-11-12,Team Leader
WMT-439,Walmart,5.0,Current Employee,good,"good pay, fun people and is nice",The customers are pretty bad occasionally,2021-11-12,Anonymous Employee
WMT-440,Walmart,4.0,"Former Employee, less than 1 year","Ample opportunities for personal development, but poor culture and work environment","Appreciated and awarded high performance

Lots of opportunities to learn new roles and equipment

Great hours and shifts

Fast paced work environment","Increased responsibilities without promotion or pay raise

Employee productivity was driven by fear and pressure

Workplace politics interfered with the work environment",2021-10-23,Forklift Driver
WMT-441,Walmart,5.0,Current Employee,Great,A good work environment with consistent hours.,I had no cons with this job,2021-11-11,Cap II Associate
WMT-442,Walmart,2.0,Former Employee,Okay company,You can pick up some hours at alternate stores,"very controlling of hours, benefits and not very kind if you need help for being sick.",2021-11-21,Pharmacy Technician
WMT-443,Walmart,4.0,"Current Employee, less than 1 year",Pays really well for what it is.,"Flexible Schedules
PTO for part and full time 
PPTO (protected paid time off) for part and full time
Fairly easy job
Paid breaks during the day","Some customers are rude
Some younger employees are hard to work with 
Often moved to other departments",2021-11-02,Online Grocery Pickup
WMT-444,Walmart,5.0,"Former Employee, more than 3 years",Great company,Flexible schedule. Great coworkers. Friendly environment.,Customer can be very rude for things out of your control.,2021-11-10,Stocker
WMT-445,Walmart,3.0,Current Employee,Nice but also not,"Not much human interaction

Good pay","Not enough time available to be sick

Made out to be a bad guy for being sick

Misgendering happens all to often accidentally or not",2021-11-22,Associate
WMT-446,Walmart,4.0,"Current Employee, more than 1 year",Good place to work at,"job security, pays well, flexible schedule","usually boring, sometimes customers can be rude, back breaking labor on the truck",2021-11-09,Cap II Associate
WMT-447,Walmart,5.0,"Former Employee, more than 5 years",Great company,"It’s Walmart, as long as you show up and ACTUALLY want to work you will have a job and your job is secure","Long hours, holidays are mandatory",2021-11-05,Store Co-Manager
WMT-448,Walmart,3.0,"Current Employee, more than 1 year",Working conditions,We have a supportive management team,Not enough staff which creates stress,2021-11-24,Team Associate
WMT-449,Walmart,4.0,Current Employee,Nice,A very nice place to work,Occasionally smelled like week old roast beef,2021-11-12,Customer Service Associate
WMT-450,Walmart,5.0,"Former Employee, more than 5 years",Great company,"It’s Walmart, as long as you show up and ACTUALLY want to work you will have a job and your job is secure","Long hours, holidays are mandatory",2021-11-05,Store Co-Manager
WMT-451,Walmart,3.0,"Current Employee, more than 1 year",Working conditions,We have a supportive management team,Not enough staff which creates stress,2021-11-24,Team Associate
WMT-452,Walmart,4.0,Current Employee,Nice,A very nice place to work,Occasionally smelled like week old roast beef,2021-11-12,Customer Service Associate
WMT-453,Walmart,4.0,Former Employee,Good job,"See you earnings weekly 
Has pto",Don’t really have any bad things,2021-11-12,Cashier
WMT-454,Walmart,5.0,Current Employee,Good place to work,"Good coworkers, liked helping customers",Not too many cons to think of,2021-11-12,Sales
WMT-455,Walmart,2.0,"Former Employee, less than 1 year",Easy Job,Lots of available hours and opportunity to change jobs within the store.,The current economic situation with our supply chains makes jobs up and down in store very busy. It seemed our teams were playing a catch up game for the 3 months I was working for them over the summer. Their communication chains to reach management effectively need to enhanced. I had a lot of trouble getting a hold of HR when discussing ETO (Education Time Off) possibilities which led to me just having to resign from my position.,2021-11-03,Grocery Stocker
WMT-456,Walmart,1.0,"Current Employee, more than 1 year",Sexual Harassment Common,"None, here is more words.","Working with employees who spank your rear, and threaten to kill you if you don't kiss them.",2021-11-25,Cap II Associate
WMT-457,Walmart,1.0,Former Employee,Walmart,Friendly staff and decent Pay,Can have long hours depending on schedule,2021-11-26,Walmart Cashier
WMT-458,Walmart,3.0,"Former Employee, more than 1 year",It’s okay,Good Walmart coworker and stuff you know what I mean,Bad manegment and stuff yk,2021-11-24,Anonymous Employee
WMT-459,Walmart,3.0,"Current Employee, more than 3 years",Okay place to work as pharmacy tech,"Decent pay, good tech coverage, not very much pressure on technicians","Bad healthcare plans, gimmicky bonus system",2021-11-24,Certified Pharmacy Technician
WMT-460,Walmart,5.0,"Current Employee, more than 10 years",Great,Great place to work good pay,Long hours and hard work,2021-11-13,Maintenance Technician
WMT-461,Walmart,4.0,"Current Employee, more than 1 year",Shipping clerk,"Company takes care of their workers, feeds us, parties. Seem to care about the employees. Opportunity for advancement within the company. Love working 4 day a week/ 10 hr shifts and having a 3 day weekend.","Standing up on concrete for 10 hours, cannot sit down except for 2- 20 min breaks. Don’t always get your full 10 hr day, it depends on customers online orders; but sometimes that’s nice!",2021-10-13,Shipping Clerk
WMT-462,Walmart,4.0,Current Employee,Digital Team Lead,Pay is good for the work you do.,Can be stressful at times.,2021-11-12,Digital Team Lead
WMT-463,Walmart,5.0,Current Employee,amazing place to work,"Remote work, they are paying for my college degree, incredible benefits package with the lowest cost for insurance for me and my son that I have ever paid, voluntary time off, paid time off",I need a better schedule. Right now I work from 3 PM to 12 AM and you have to wait for a shift bid in order to change.,2021-10-22,Customer Resolution Specialist
WMT-464,Walmart,4.0,"Former Employee, more than 1 year",Part Time employment at Walmart,"- Decent salary
- Flexible working hours for me","- Dangerous parking lot
- Occasionally understaffed
- Sometimes there are rude customers",2021-10-28,Stocker
WMT-465,Walmart,3.0,Former Employee,decent job,good hours with good pay,"bad managers, lazy coworkers depending on the location",2021-11-24,Sales Associate
WMT-466,Walmart,3.0,Former Employee,Good Pay Long Hours,Pay was nice on the surface.,Overworked and expect a lot!,2021-11-24,Assistant Manager
WMT-467,Walmart,5.0,"Current Employee, more than 1 year",Walmart,Easy work to deal with,Long shifts less part time,2021-11-12,Walmart Cashier
WMT-468,Walmart,5.0,"Current Employee, less than 1 year",Nice,Hours are flexible for you,Nothing con about the job,2021-11-12,Customer Service Representative
WMT-469,Walmart,3.0,"Current Employee, more than 10 years",Not so good,"Benefits are ok
 No vacation hours but PTO is built up according to hrs worked. But good luck using them. Because time off requests are routinely denied","Change your schedules without telling you. Work load on some are ridiculously impossible 
Denying time off requests. Favoritism is rampant",2021-11-13,Sales Associate
WMT-470,Walmart,5.0,"Current Employee, less than 1 year",iTs very nice,good pay and good hours,Managers kind of bossy lit,2021-11-11,Warehouse Worker
WMT-471,Walmart,4.0,Current Employee,High Stress Every-Changing,"Good pay
Good Team
Helpful environment
Different Everyday",High Stress; Lots of walking; Computers Crash,2021-11-12,Personal Shopper/OGP
WMT-472,Walmart,4.0,"Current Employee, less than 1 year",Be Prepared To Work,"Working here gives opportunities for overtime pay, flexible work schedule, amazing benifits, 401k plans, discounts on most store items, and so much more.",This position is physically and sometimes mentally taxing with a high stress and fast paced environment with hours that don't suit everyone. Be prepared to lift a lot of weight especially with short-staffed stores.,2021-08-04,ON Stocking TA
WMT-473,Walmart,4.0,"Current Employee, more than 1 year",Stocker,"Good co workers 
Good pay 
Flexible schedule","Bad management
Always busy stores 
Late nights",2021-11-10,Cap II Associate
WMT-474,Walmart,2.0,"Current Employee, more than 1 year",Just a typical job,Can work in my own space,The timing of putting out freight,2021-11-23,Overnight Stocker
WMT-475,Walmart,3.0,"Former Employee, more than 1 year",Not what they appeared to be.,Not bad cause they were so big little supervision.,The lack of supervision also includes a lack of help or guidance. Then if you get noticed for anything you better start looking for a job.,2021-11-16,Tech I
WMT-476,Walmart,5.0,Current Employee,Flexibility,They work with your schedule. I love working here.,A lot of turnover but that is expected in retail.,2021-11-10,Anonymous Employee
WMT-477,Walmart,2.0,"Current Employee, less than 1 year",managers,"good pay , benefits , time off excepted",managers don't do their job,2021-11-23,Associate
WMT-478,Walmart,2.0,Former Employee,Disrespectful Management,"Pay was good, nice Co-workers",The management was extremely rude to cart attendants.,2021-11-24,Cart Attendant
WMT-479,Walmart,3.0,"Former Employee, less than 1 year",Management,Some managers are very nice,Some managers are very annoying,2021-11-24,Cashier
WMT-480,Walmart,2.0,Former Employee,Disrespectful Management,"Pay was good, nice Co-workers",The management was extremely rude to cart attendants.,2021-11-24,Cart Attendant
WMT-481,Walmart,3.0,"Former Employee, less than 1 year",Management,Some managers are very nice,Some managers are very annoying,2021-11-24,Cashier
WMT-482,Walmart,5.0,"Former Employee, more than 3 years",Great place,"Great place to work. Friendly environment, competitive pay , and great opportunities.",The amount of time they expect you to get something done. They don’t give you enough time to do the job properly.,2021-11-04,Department Manager
WMT-483,Walmart,4.0,"Current Employee, more than 3 years",What is this?,"Flexible hours, relaxed work environment for me.",there are preferences for specific ethnicities.,2021-11-11,Cashier
WMT-484,Walmart,5.0,Current Employee,Dd,I like to work there and it was fun.,I don’t mike the long hours.,2021-11-11,Cashier
WMT-485,Walmart,5.0,"Current Employee, less than 1 year",Walmart,"I mean, the pay is good.",I have to physically move.,2021-11-09,Walmart Online Grocery Pickup
WMT-486,Walmart,5.0,Former Employee,Cool,good pay great job eas,vaccination mandates vaccination required for even work from home associates,2021-11-09,Resolution Specialist
WMT-487,Walmart,4.0,Current Employee,Idk,"- can be flexible on schedule 
-good pay for college students",-will give good hours to full time associates,2021-11-10,Online Grocery Pickup
WMT-488,Walmart,4.0,"Current Employee, more than 1 year",Review,Paid PTO and Protected PTO.,Job terminated after five absences.,2021-11-10,Walmart Sales Associate
WMT-489,Walmart,3.0,Former Employee,Idk,Good money nice people to work with,"Managers were bad 
Over worked",2021-11-23,Front End Cashier
WMT-490,Walmart,4.0,"Former Employee, less than 1 year",Great opportunity depending on your priorities (Perfect for single people),Benefits are hard to beat in the area.,Political stand/vibe is hard to ignore. Schedule is not family friendly.,2021-11-01,Logistics Load Manager
WMT-491,Walmart,5.0,Current Employee,Walmart,Great place to work at!,None that I can think of,2021-11-12,Stock Associate
WMT-492,Walmart,4.0,Former Employee,walmart garden associate,"Sales associates responsibility is to greet customers
• Assist with questions, locating products, and price checking items
• Organize store and garden center, shelves and displays
2
• Assist customers with propane and water plants",didnt really see any cons working there,2021-11-01,Lawn &Garden Associate
WMT-493,Walmart,5.0,"Current Employee, more than 3 years",Great workplace,The benefits and flexibility are unmatched.,Can be a busy and demanding job,2021-11-10,Certified Pharmacy Technician
WMT-494,Walmart,4.0,Former Employee,Okay starting job,Decent pay for a first job,Doesn't provide adequate opportunities for moving up,2021-11-10,Online Grocery Pickup Associate
WMT-495,Walmart,5.0,Former Employee,Great job,A lot of room to grow,Not very organized and can get hectic,2021-11-10,Remote Customer Service Representative
WMT-496,Walmart,4.0,"Former Employee, less than 1 year",walmart job,"discounts, coupons, co-workers, paid at or above minimum wage most likely",I had to tell people I worked at walmart,2021-11-08,Team Member
WMT-497,Walmart,5.0,"Current Employee, less than 1 year",Good Experience,"- value employees
- possibility of a sign-on bonus",- pharmacy is a little understaffed at times,2021-11-09,Pharmacy Technician
WMT-498,Walmart,5.0,"Current Employee, more than 1 year",Nice,Friendly people two fifteen minutes Breaks,Don’t know any cons for this job,2021-11-07,Stoker
WMT-499,Walmart,3.0,"Former Employee, more than 3 years",Okay,"Good people, fair pay, flexibility.","The point system sucks, some managers are awful, a lot of employees get away with not doing much work.",2021-11-21,Overnight Stocker
CMCS-0,Comcast,5.0,Current Employee,great place to work and grow,"good salary, outstanding benefits and great work culture",big company problem applies here too,"Nov 24, 2021",Software Engineer
CMCS-1,Comcast,5.0,"Current Employee, more than 3 years","Tons of Opportunity, in your Hands","Working at Comcast has given me the opportunity to develop myself; take the time to grow and learn, and that was really important to me during the time in my life when I joined the company. If you have the drive and ambition, there are a ton of ways in which you can grow into a leader if that's what you want to be. I took advantage of the continued education benefit and am finishing my masters degree now... I also joined a couple of the employee resource groups which offer seminars and networking events that support your professional profile. Listen, I'm not a total nerd. The point of my post is that this isn't a company you join and just stay stale within. They encourage your growth, but it's up to you to make it happen. Not only this - it's pretty exciting. We're busy and we have big jobs to do. My salary is in the top percentile for my industry but not only this, I again get the continued education (which is ~$6K/year) plus free cable/internet, top health care benefits and a truly balanced lifestyle - which is rarely the case within the Tech industry.","Telling people you work at Comcast triggers 2 typical responses: 1) A big hatred rant on customer service 2) A how do I get my foot in the door? 

The reputation of the company is difficult, but the style of the company is to stay humble - I've never seen the company defend themselves against the harmful and discrediting news that exists. I personally think they should defend themselves a little more - they are between a rock and a hard place in many instances of service. I personally experienced visiting someone's home where the issues they were having with their connection was due to a tree root growing into the cable lines which had been their for over 20 years. Things like that cannot be diagnosed over a phone call. It's hard work in the field for sure. Being a part of the corporate side sometimes we're too disconnected from what's happening on the frontline. So I think the size of the organization comes with its complications, but again if you're a working professional looking for an exciting, robust and sexy career, you can comfortably have it here.","Feb 28, 2015",Marketing Manager
CMCS-2,Comcast,4.0,"Former Employee, more than 1 year",This big company is stable… but it’s all politics in the end.,"Job security. Hit your numbers and you’ll keep your job. Customers come in and they’re already there so selling is easier, if you’ve ever done sales where you chase you understand.",It’s hard to get answers to things from upper management. I had an amazing manager who would get a lot of answers others couldn’t but he wasn’t my manager the whole time. It’s just frustrating when working for BIG corporate America.,"Nov 11, 2021",Retail Sales Representative
CMCS-3,Comcast,4.0,"Current Employee, more than 10 years",Great Company to work for Good Benefits you get out what you put in,"Great Benefits compared to other companies 
A lot of time off once you have been working for several years
Ok pay but they can be below market value for some jobs. If coming into the company as a new employee seek to come in at a higher rate if unsatisfied with their first offer.",some jobs pay lower than industry rates. To make the most of things need to change jobs and seek promotions or leave and comeback at a higher rate of pay. If you stay in the company and don't do those things your salary may have limited growth to yearly standard merit increases.,"Nov 21, 2021",Network Analyst
CMCS-4,Comcast,3.0,Current Employee,"Fake culture, Toxic leadership","Benefits, vacation time, discounts on home services, flexible hours","Micro-managed, everyone cheats and is hush-hush about it. Your main competition is your coworkers and all the hoops you have to jump through to get a sale through is exhausting. Management is not chosen by who is best fit for the job rather office politics and success as a sales rep— which doesn’t equate to being a great leader. So much negativity, condescending, unfair treatment and sly insults that it affects your mental health. It’s sad because I like Comcast and want them to be a better company but the sales department is very toxic. There are a few great people here left but at the end of the day, you’re a number and training isn’t helpful or thorough enough to help do your job adequately without being somewhat sloppy with your orders and through shady prospecting tactics. Comcast has a bad reputation because of the sales culture and how you’re basically told to hurry up get sales across. Be prepared to work incredibly hard with how much internal challenges that are present — micromanaging, poor training, complex rules and regulations, etc.","Nov 2, 2021",Senior Business Account Executive
CMCS-5,Comcast,1.0,"Former Employee, more than 5 years",Stressful environment and shity customers,"- Discounted Cable
- Work from Home (if you like that)","- Constantly Changing for the Worse ""The C in Comcast stands for Change""
- Lack of support
- Horrible Mental Health Care. 
- Horrible Customers
- Mixed Bag Co-Workers
- Systems that you rely on for work Barely work.
- Non Unified Call Grading System. 
- Sales are Manditory even in Troubleshooting / Technical Support Positions 
- Because of Large Covered Area No Breaks in Calls even to Notate Accounts. 
- Be Ready to Fix Other Reps Mistakes
- Be Prepared to get Messed over if you wanted to do Power Shift.","Nov 10, 2021",Accouny Executive
CMCS-6,Comcast,4.0,"Current Employee, more than 1 year",My Opinion,"-Great, fun, open, and inclusive company culture. 
-Quarterly bonus
-Fantastic medical benefits, even pet health insurance
-matching for 401k and IRA 
-The company will try to relocate you before resorting to layoffs
-Essential services (pandemic proof)
-Committed to constantly evolving to meet the changes of the industry
-Promotes from within mostly","-Most employees start at entry level since the company prefers to promote from within with a rate of over 80%.
-Pay is generally close to the national average so if you live in an expensive city, don't expect them to adjust for the location.","Nov 16, 2021",Supply Chain Professional
CMCS-7,Comcast,5.0,"Current Employee, more than 3 years",Great place to work,Great Benefits and pay. Very flexible and lots of paid time off that you don't get punished for using.,It can be very Mentally stressful when first starting out or on busy days which are few and far between. Once you get it down though the job is relatively easy.,"Nov 23, 2021",Subject Matter Expert
CMCS-8,Comcast,5.0,"Current Employee, more than 10 years",Great company to work for,Comcast is at the forefront of technology connecting people and I get to be a part of it. The job offers a great deal of freedom and the work changes constantly. Comcast has a very competitive benefits package.,Maintaining cable infrastructure can lead to some long hours when storms or accidents occur. Its part of the job.,"Nov 22, 2021",Network Maintenance Technician
CMCS-9,Comcast,5.0,"Current Employee, more than 3 years",Great Company to work for!,"Great Benefits 
Great Perks
Flexible
Supportive
Great events
Great work environment",None that I can think of at this moment,"Nov 24, 2021",Campus Operations Ambassador
CMCS-10,Comcast,5.0,Current Employee,great place to work and grow,"good salary, outstanding benefits and great work culture",big company problem applies here too,"Nov 24, 2021",Software Engineer
CMCS-11,Comcast,5.0,"Current Employee, more than 3 years","Tons of Opportunity, in your Hands","Working at Comcast has given me the opportunity to develop myself; take the time to grow and learn, and that was really important to me during the time in my life when I joined the company. If you have the drive and ambition, there are a ton of ways in which you can grow into a leader if that's what you want to be. I took advantage of the continued education benefit and am finishing my masters degree now... I also joined a couple of the employee resource groups which offer seminars and networking events that support your professional profile. Listen, I'm not a total nerd. The point of my post is that this isn't a company you join and just stay stale within. They encourage your growth, but it's up to you to make it happen. Not only this - it's pretty exciting. We're busy and we have big jobs to do. My salary is in the top percentile for my industry but not only this, I again get the continued education (which is ~$6K/year) plus free cable/internet, top health care benefits and a truly balanced lifestyle - which is rarely the case within the Tech industry.","Telling people you work at Comcast triggers 2 typical responses: 1) A big hatred rant on customer service 2) A how do I get my foot in the door? 

The reputation of the company is difficult, but the style of the company is to stay humble - I've never seen the company defend themselves against the harmful and discrediting news that exists. I personally think they should defend themselves a little more - they are between a rock and a hard place in many instances of service. I personally experienced visiting someone's home where the issues they were having with their connection was due to a tree root growing into the cable lines which had been their for over 20 years. Things like that cannot be diagnosed over a phone call. It's hard work in the field for sure. Being a part of the corporate side sometimes we're too disconnected from what's happening on the frontline. So I think the size of the organization comes with its complications, but again if you're a working professional looking for an exciting, robust and sexy career, you can comfortably have it here.","Feb 28, 2015",Marketing Manager
CMCS-12,Comcast,4.0,"Former Employee, more than 1 year",This big company is stable… but it’s all politics in the end.,"Job security. Hit your numbers and you’ll keep your job. Customers come in and they’re already there so selling is easier, if you’ve ever done sales where you chase you understand.",It’s hard to get answers to things from upper management. I had an amazing manager who would get a lot of answers others couldn’t but he wasn’t my manager the whole time. It’s just frustrating when working for BIG corporate America.,"Nov 11, 2021",Retail Sales Representative
CMCS-13,Comcast,4.0,"Current Employee, more than 10 years",Great Company to work for Good Benefits you get out what you put in,"Great Benefits compared to other companies 
A lot of time off once you have been working for several years
Ok pay but they can be below market value for some jobs. If coming into the company as a new employee seek to come in at a higher rate if unsatisfied with their first offer.",some jobs pay lower than industry rates. To make the most of things need to change jobs and seek promotions or leave and comeback at a higher rate of pay. If you stay in the company and don't do those things your salary may have limited growth to yearly standard merit increases.,"Nov 21, 2021",Network Analyst
CMCS-14,Comcast,3.0,Current Employee,"Fake culture, Toxic leadership","Benefits, vacation time, discounts on home services, flexible hours","Micro-managed, everyone cheats and is hush-hush about it. Your main competition is your coworkers and all the hoops you have to jump through to get a sale through is exhausting. Management is not chosen by who is best fit for the job rather office politics and success as a sales rep— which doesn’t equate to being a great leader. So much negativity, condescending, unfair treatment and sly insults that it affects your mental health. It’s sad because I like Comcast and want them to be a better company but the sales department is very toxic. There are a few great people here left but at the end of the day, you’re a number and training isn’t helpful or thorough enough to help do your job adequately without being somewhat sloppy with your orders and through shady prospecting tactics. Comcast has a bad reputation because of the sales culture and how you’re basically told to hurry up get sales across. Be prepared to work incredibly hard with how much internal challenges that are present — micromanaging, poor training, complex rules and regulations, etc.","Nov 2, 2021",Senior Business Account Executive
CMCS-15,Comcast,1.0,"Former Employee, more than 5 years",Stressful environment and shity customers,"- Discounted Cable
- Work from Home (if you like that)","- Constantly Changing for the Worse ""The C in Comcast stands for Change""
- Lack of support
- Horrible Mental Health Care. 
- Horrible Customers
- Mixed Bag Co-Workers
- Systems that you rely on for work Barely work.
- Non Unified Call Grading System. 
- Sales are Manditory even in Troubleshooting / Technical Support Positions 
- Because of Large Covered Area No Breaks in Calls even to Notate Accounts. 
- Be Ready to Fix Other Reps Mistakes
- Be Prepared to get Messed over if you wanted to do Power Shift.","Nov 10, 2021",Accouny Executive
CMCS-16,Comcast,4.0,"Current Employee, more than 1 year",My Opinion,"-Great, fun, open, and inclusive company culture. 
-Quarterly bonus
-Fantastic medical benefits, even pet health insurance
-matching for 401k and IRA 
-The company will try to relocate you before resorting to layoffs
-Essential services (pandemic proof)
-Committed to constantly evolving to meet the changes of the industry
-Promotes from within mostly","-Most employees start at entry level since the company prefers to promote from within with a rate of over 80%.
-Pay is generally close to the national average so if you live in an expensive city, don't expect them to adjust for the location.","Nov 16, 2021",Supply Chain Professional
CMCS-17,Comcast,5.0,"Current Employee, more than 3 years",Great place to work,Great Benefits and pay. Very flexible and lots of paid time off that you don't get punished for using.,It can be very Mentally stressful when first starting out or on busy days which are few and far between. Once you get it down though the job is relatively easy.,"Nov 23, 2021",Subject Matter Expert
CMCS-18,Comcast,5.0,"Current Employee, more than 10 years",Great company to work for,Comcast is at the forefront of technology connecting people and I get to be a part of it. The job offers a great deal of freedom and the work changes constantly. Comcast has a very competitive benefits package.,Maintaining cable infrastructure can lead to some long hours when storms or accidents occur. Its part of the job.,"Nov 22, 2021",Network Maintenance Technician
CMCS-19,Comcast,5.0,"Current Employee, more than 3 years",Great Company to work for!,"Great Benefits 
Great Perks
Flexible
Supportive
Great events
Great work environment",None that I can think of at this moment,"Nov 24, 2021",Campus Operations Ambassador
CMCS-20,Comcast,4.0,"Current Employee, more than 5 years","Sincere People, Great Benefits","The company really cares about the employees and the community. Great culture.

The benefits are great.

There’s lots of communication and available information on everything.

Lots of opportunities to grow.",Pay lags behind competitors in the industry.,"Nov 24, 2021",Manager
CMCS-21,Comcast,3.0,"Current Employee, more than 3 years",Management problems since Covid,Comcast had great roles before the pandemic. Now it's hard to find good roles in the company. There are solid salary and benefits at the company when you find a role. The company used to have a good culture with opportunities for growth.,Comcast employees have been losing jobs that are being replaced by large IT vendors offshoring our work. I joined in a vendor call last week where the vendor talked negatively about Comcast Technology executives and employees on the newest project. These are the same people giving the vendor more and more work! It's demoralizing to employees to listen in. Employees are loyal and hardworking but Comcast executives don't seem to care.,"Nov 14, 2021",Director
CMCS-22,Comcast,4.0,Current Employee,"Great Company, Great Pay if you Apply Your Self","Great Benefits, Courtesy Services As Employee, Great Pay if you are self motivated","Repetitive Work, Upset/Irate Customers(giving off negative energy)","Oct 20, 2021",Remote Customer Service Representative
CMCS-23,Comcast,1.0,"Former Employee, less than 1 year",Weird hours and no work-life balance,Good health insurance (even though they take so much out of your check for it),"There are a lot. I was hired as a permanent WFH employee and it has been the most constricting WFH experience ever. They don't send you a laptop, they give you just 2 desktop computers and a bunch of wires. The setup is truly terrible. And i have been a WFH employee at a previous jobs and this is truly the worse set up I have seen. The pay is very low for what is expected of you and being constantly monitors, its almost as if they treat you like its a high paying job. Everything you do is monitored so if you like that kind of job this is for you. The interview process is very extra. I did 3 interviews all of which i was asked the same questions by different people. On several occasions i had to track down the payroll supervisor because my check was short and missing hours. The job is very sales driven. My trainer was terrible he didnt answer people’s questions and none of us knew what they were doing when we started taking calls. I quit before i even reached 90 days and so did another person in my class. I do not like the company culture, not my cup of tea or type of people.","Sep 30, 2021",Retention Representative
CMCS-24,Comcast,5.0,"Current Employee, more than 3 years",Sr Data Analyst,"Good work culture
Good Pay
Good Benefits
Good Work-Life Balance",No really any cons i found so far,"Nov 24, 2021",Senior Data Analyst/Senior Product Analyst
CMCS-25,Comcast,4.0,Current Employee,Change is constant,Total rewards are at or slightly above industry standards,"Your experience depends on the channel you're in. High turnover in COE/Retail roles, but greater insulation in leadership and other sales/sales support channels.","Nov 16, 2021",Sales Development Manager
CMCS-26,Comcast,5.0,"Current Employee, more than 10 years",Excellent Pay,Good pay flexible hours excellent benefits,There are times where there is stagnation in development.,"Nov 23, 2021",RTE Specialist
CMCS-27,Comcast,4.0,Current Employee,up and down,They have great benefits here,very hard to progress and make more money,"Nov 24, 2021",Warehouse Worker
CMCS-28,Comcast,4.0,"Current Employee, more than 1 year",Great Benefits,Support and Benefits are some of the best that I have had.,My days can end up being very long and I don't always get off when expected.,"Nov 20, 2021",Residential Technician
CMCS-29,Comcast,5.0,"Current Employee, more than 1 year",Amazing feeling working for them,"Diversity. Community support, communication, incentives, friendly",Hourly pay. Changes take a while,"Nov 23, 2021",Customer Experience Professional
CMCS-30,Comcast,4.0,Current Employee,Great place to work.,Accommodating for people with families. Lots of opportunities internally,Needs some work to stay competitive in the job market,"Nov 21, 2021",Senior Software Engineering Manager
CMCS-31,Comcast,5.0,Former Employee,Amazing,Unlimited upward mobility and options.,Large organization that moves like one.,"Nov 23, 2021",Manager
CMCS-32,Comcast,5.0,Current Employee,Comcast - NBC Universal,Embracing and deploying future technologies,None. No cons to note,"Nov 19, 2021",Network Analyst
CMCS-33,Comcast,2.0,"Current Employee, less than 1 year","Great Company but the ""WE"" in the mission statement is omitted","Work will keep you busy and as a manager, you need to figure out what works for you.","When you figure out what is not working in the company, you don't know what works for you as you don't get the help you need or more importantly, the reason why you can't get it is because the person above you does not have access to the data or have the time to assess the effectiveness of the work you are being employed for. As a result, the ""WE"" in the mission statement is omitted.","Nov 11, 2021",Territory Manager
CMCS-34,Comcast,4.0,Former Employee,Great company to work for,One of the easiest jobs I've ever had. Good culture at my location. Good peripheral benefits.,"Really, really boring at times. There'd be days I'd have two or three hours worth of work to do for the whole day.","Nov 14, 2021",Warehouse Representative
CMCS-35,Comcast,5.0,Former Employee,nice place to be,excellent pay and excellent coworkers:),"i couldnt really get a raise when i really needed it, they didn't see me as a person","Nov 18, 2021",Cable Installer
CMCS-36,Comcast,4.0,Current Employee,Your manager is key to your experience,"Fair compensation; good benefits, deeply discounted cable services if you live in footprint",Like any company the quality of your work experience is highly dependent on your manager.,"Nov 17, 2021",Senior Manager
CMCS-37,Comcast,2.0,"Current Employee, more than 5 years",Ignore management and just do real estate transfers.,High salary/bonus if you read between the lines and ignore management suggestions to just cold call and sell cable to people who owe the company money.,"They say you make +$100k, but you make $40-50 k unless you cheat.","Nov 24, 2021",Direct Sales
CMCS-38,Comcast,1.0,"Former Employee, more than 8 years",Comcast is wildly out of compliance at this location with both the law and best business practices,"They pay was good in the teens, and frankly the job is easy.
I liked my coworkers","Customers.
They are the worst people and assume you are trash.
Managers.
Not top quality. In fact many of them seem to lack an understanding of the academics of business management.
Also rampant nepotism, and I am personally aware of MULITPLE EEOC and LABOR dept beefs at this location, so be aware they will try to take advantage of you in ways that are markedly illegal. 
I was able to confirm with conversations with collegaues and through an audit of results that there are some reps who are only allowed to make sales on calls that are counted in the queue, and other reps who can make sales through other methods. When I bought this to Comcast's attention, i was harassed on the floor by a Supervisor who is still coaching reps. Further, I was retaliated against until my position became untenable. 
 I found other work far too late.","Oct 5, 2021",Inbound Sales Representative
CMCS-39,Comcast,5.0,Current Employee,Management,"Awesome company to work for. Great benefits, work-life balance. Enormous amount of support in career growth and development. Great culture and atmosphere. Extremely diverse and pro-employee driven.",none to share at this time.,"Nov 15, 2021",Manager
CMCS-40,Comcast,4.0,"Former Employee, more than 5 years",Decent place to work,Great time off. Decent benefits from day one. Good people.,Pay is on the low side for the work load.,"Nov 17, 2021",TSC Technician
CMCS-41,Comcast,3.0,"Current Employee, more than 5 years","Great work life balance, Good overall for junior engineers, Average to bad for everything else","* Average work load is not high at all (only a few busy weeks in a year)

* You may find good managers and interesting projects, if you are lucky","* Significantly below industry average compensation
* 20% of the engineers doing 80% of the work, sometimes worse
* High performing engineers are not rewarded with better compensation
* Career growth is non-existent in technical track after Principal Engineer
* A lot of people doing artificial busy work to demonstrate value
* Management incentives seem to favor hiring many junior engineers instead of rewarding and retaining senior engineers","Nov 5, 2021",Principal Software Engineer
CMCS-42,Comcast,5.0,"Current Employee, more than 1 year",Great place to work,I’ve never been on a team that wasn’t diverse and there’s plenty of opportunities for lateral and vertical movement.,Not much room for salary negotiations,"Nov 16, 2021",Senior Accountant
CMCS-43,Comcast,4.0,Former Employee,My reflection of Comcast,Fortune 50 Company. On the cutting edge of innovation.,A lot of layers of management to go through to a decision made.,"Nov 16, 2021",Account Executive
CMCS-44,Comcast,5.0,Current Employee,"Great company, Great benefits","Comcast has the best benefits in the nation. 401k, great medical and a all out great company to work for. Positivity is a must here it helps create the great customer experience.","Not for everyone, you will deal with customers from all walks of life","Nov 9, 2021",Customer Server Representative
CMCS-45,Comcast,2.0,Current Employee,Bad company to work for besides benefits and pay,Benefits and pay are good,Everything else. The customers are the worst part. They are rude and take all their frustrations out on you. I had the worst experience with customers at this job.,"Nov 19, 2021",Retention Specialist
CMCS-46,Comcast,5.0,Current Employee,Good money,Made good money with commission,Micromanaged by team leads. You have to be on the phone all day.,"Nov 18, 2021",Call Center Representative
CMCS-47,Comcast,5.0,"Current Employee, less than 1 year",Review,Its a pretty good place to work,Not many cons. Pretty good opportunity,"Nov 19, 2021",Internship
CMCS-48,Comcast,4.0,Current Employee,"Decent job, hard to move up","good benefits, and they do allow employees a lot of leeway but that can only go so far",company has lateral and vertical movement and lateral is much more common and doesnt come with pay increase outside of your first or second promotion laterally,"Nov 8, 2021",Field Technician
CMCS-49,Comcast,4.0,"Former Employee, more than 3 years",Can be low stress but you need to learn your stuff always ask questions and be proactive.,Benefits / Helpful and patience learning a system that is not easy to learn quickly. You can work in many different parts of the company after your first year. Connections are important.,"Nepotism, they do care about you but are very strict on attendance policy but that is fair. Specific job is way underpaid and turnover due to abuse from internal agents that you are HELPING.","Oct 13, 2021",Channel Support Specialist
CMCS-50,Comcast,5.0,"Current Employee, more than 1 year",Good benefit but low base pay,"Benefits
Diversity 
Free internet 
Health benefits","Low pay
Hard to grow
Management change constantly","Nov 17, 2021",Tech1
CMCS-51,Comcast,4.0,"Current Employee, more than 5 years",Good employer,Good supervisors make good technicians,"Metric driven, care more about numbers than anything else.","Nov 16, 2021",Telco Technician
CMCS-52,Comcast,5.0,Current Employee,Philadelphia office,Good benefits and competitive salary,"Constant reorganization, constant burn outs","Nov 18, 2021",IT Project Manager
CMCS-53,Comcast,4.0,"Current Employee, more than 10 years",Review,Good pay & benefits. Management works with you on developmental opportunities. Part of my 4 stars is the FAMILY we build at work.,"Sometimes management, Directors, can be more focused on metrics for their personal income growth than the employees who’ve made a family w/others.","Oct 8, 2021",Technical Operations Supervisor
CMCS-54,Comcast,5.0,Current Employee,Amazing company to work for,Amazing benefits and gifts from time to time that really make you feel appreciated. Also the discounted services and free universal tickets are amazing,"Stressful at times, but you have a good team to keep motivated","Nov 11, 2021",Retail Associate
CMCS-55,Comcast,5.0,Current Employee,Great Company to work for,"Remote work, benefits, PTO and comission structure",Schedule is the worst part when you start.,"Nov 17, 2021",Inside Sales
CMCS-56,Comcast,3.0,"Current Employee, more than 5 years",Good benefits but poor leadership,"Honestly only the benefits are the pros. Some of us went through all steps to make move to management such as leadership trainings etc and there is not much room for upward mobility, this is a reason people are leaving aside from not great leadership.","Manager was ok but disconnected from analyst's work. Biggest issues stem from director of team and VP of team. Director doesnt listen, talks over you during meetings and just runs on and on going in all directions, diverting from the purpose of the meeting and muddying up the point of the call. Instead of providing direction, everyone leaves meetings more confused than before the call. VP of group has no concern about team morale because she is too disconnected from the team, only hears director's thoughts/opinions on things. Would work at the company again but never for director. Also for some reason director is obsessed with treating people like his kids, wants ppl back in the office and will come up with any excuse why it ""makes more sense"", is ""more productive"" etc, portrays it like people want to be back in the office but in reality noone on the team wants it but director. Also they will try to convince you that pay is consistent across analysts but in reality if you get promoted internally you are getting punished vs external employees pay.","Jul 14, 2021",Senior Marketing Research Analyst
CMCS-57,Comcast,4.0,"Current Employee, more than 3 years",Solid company,Plenty of interesting work for you.,Fast paced and at the whims of our product team.,"Nov 17, 2021",Anonymous Employee
CMCS-58,Comcast,5.0,Former Employee,Solid,"Great pay, solid management who cares.",Not many cons unless you aren't a hard worker. It's a busy job.,"Nov 15, 2021",Ibound Customer Service Representative
CMCS-59,Comcast,5.0,"Current Employee, more than 1 year",Salary is base plus targeted commission,Great training process; targeted commission so that you can achieve your goals.,Big company means lots of eyes,"Nov 12, 2021",Community Account Representative
CMCS-60,Comcast,5.0,"Current Employee, more than 10 years",Great company,Great company to work for,Money and benefits not the best,"Nov 16, 2021",Software Engineer
CMCS-61,Comcast,4.0,Former Employee,Comcast is a good company,Good Company with benefits and perks,No negative reviews for this company.,"Nov 16, 2021",Field Technician
CMCS-62,Comcast,3.0,"Current Employee, more than 10 years",Under Valued,Great benefits but that's about it,"People there honestly don't care, they act like they do but don't. Underpaid, They compare to other companies per hour paid and that is fair but most others have pensions.","Nov 23, 2021",Network/Telecommunications Technician
CMCS-63,Comcast,5.0,Current Employee,Great place to work,"Great culture; leaders listen and care; benefits are great; pay is average; cable, internet and home security for almost nothing, just pay rental fees for equipment; career development within jobs; many jobs are work from home","Minimal raises annually, even for top performers;","Nov 5, 2021",Data Analyst
CMCS-64,Comcast,5.0,Current Employee,Great company,Great benefits at the company,Work life balance could be much better,"Nov 14, 2021",Sales Supervisor
CMCS-65,Comcast,5.0,Former Employee,Great,All pros no cons just all around awesome,None! It was a great job,"Nov 15, 2021",Sales
CMCS-66,Comcast,2.0,"Current Employee, more than 1 year",Untrustworthy,"Benefits, virtual worksite, autonomous work, light workload, relaxed and helpful supervisors, responsive management","Rescinds promises that affect pay, holiday schedules, and weekly schedules. They made a schedule commitment during hiring, then took away the weekend for some people a few months later only to take away weekends from other groups again a few months later. They committed to a holiday schedule and within 6 months eliminated that schedule so we won't know about the winter holidays until 2 months in advance. My pay has been changed twice due to errors.","Nov 2, 2021",Routing Representative
CMCS-67,Comcast,4.0,Current Employee,Comcast,Schedule is very accommodating and flexible,Micromanaging is the worst. The metrics are unobtainable,"Nov 16, 2021",Customer Service Representative
CMCS-68,Comcast,4.0,"Current Employee, more than 3 years","Conservative company and pay, but great colleagues","The work is varied, colleagues are great and company hierarchy is such that you can talk to anybody","Conservative company, with less than competitive salaries for internal moves","Nov 10, 2021",Manager Employee Engagement
CMCS-69,Comcast,5.0,"Current Employee, more than 3 years",Good,Working here is really good,No cons I can think of,"Nov 16, 2021",Software Engineer
CMCS-70,Comcast,5.0,"Current Employee, more than 5 years",Great Place to Work,Great benefits and culture. Caring Management,"Turbulence
Cost cutting can lead to unexpected job loss","Nov 11, 2021",Sales Executive
CMCS-71,Comcast,5.0,"Former Employee, more than 1 year",In house sales,"Great work environment, good pay","Stressfull, have to meet quotas, lots of driving","Nov 13, 2021",IM House Sales
CMCS-72,Comcast,4.0,"Former Employee, more than 8 years",Great Company,"Great benefits, decent pay, good people, over 4 weeks of combined paid time off between flex time and vacation time at the start.",Tools changes make the agent have less ability to help customer. Job switches to line of questioning and calls take 10 min to follow LOQ and agent could have fixed the issue in 1 minute. Some managers are cool and others are micro managers and only care about stats and not the people on their team. Left after 9 years solely because of a bad supervisor.,"Aug 14, 2021",CAE - IP Support Specialist
CMCS-73,Comcast,4.0,"Current Employee, more than 3 years",Customer service is their best product,"Work from home
Great workplace environment and teams to work with
Opportunity for career advancement
Great benefits that outweigh compensation","Repetitive
Pay does not match workload
Lack of communication and/or training on new developments","Nov 2, 2021",Digital Care Specialist
CMCS-74,Comcast,5.0,"Former Employee, more than 3 years",Former employee,Great company that provides good benefits and perks. The starting pay plus commission is good.,Being a sales representative you deal with a lot of customer service and the customers are not always the nicest.,"Nov 4, 2021",Sales Representative
CMCS-75,Comcast,4.0,"Current Employee, more than 3 years","Great company, less than great customers",The company is super supportive and inclusive and the benefits are amazing!!,"The company is super supportive and inclusive and the benefits are amazing!! But if you’re in the call center, be prepared to have your mental health take a nosedive. The customers are usually only calling because something is wrong, so I get it. It at the same time.. we are human too","Oct 11, 2021",Anonymous Employee
CMCS-76,Comcast,1.0,"Current Employee, more than 5 years",RUN FOR THE HILLS!,Free universal tickets once a year,"The worst company I have ever worked for BY FAR! They do NOT care about their employees or customers! All they care about is upselling every chance they can. They don't care if the customer is crying on the phone because they can't pay their bill, they still want you to act like their psychiatrist, do probing and discovery questions and try to upsell anyways! The culture is super aggressive and unjust! The bilingual department in Miramar is AWFUL and they are so fake and hungry for money it's super sad! They try to TRICK customers to get all the services or lie about prices to get sales!. I can't even believe they are still in business! They also treat their employees like worthless selling machines! If you're not selling, you're not valueable to them! Doesn't matter how much you care about your customers, they don't! You can't even downgrade services for customers without getting in huge trouble and could get fired. It's insane to me to think how this company works! Run away!!","Sep 19, 2021",Inbound Sales Representative
CMCS-77,Comcast,5.0,Current Employee,Bbh,Very good pay nice environment,"Didn’t like my manage, my shift was to early","Nov 14, 2021",Customer Service Representative (Kaiser Permanente)
CMCS-78,Comcast,4.0,"Current Employee, more than 3 years",Sales Rep,Good benefits as well as decent pay and structure,Short staffed a lot of equip issues,"Nov 12, 2021",Sales Representative
CMCS-79,Comcast,4.0,Current Employee,Great Benefits but Average Pay,Great Benefits. Discounted Cable. Large corporation so ability to move,Hard to advance. Pay and Pay Increases are not always good,"Nov 3, 2021",Operations Engineer
CMCS-80,Comcast,5.0,"Current Employee, more than 5 years",Good place to work,"Good people, good financial package, concern for employee well being",Work can seem siloed across departments,"Nov 10, 2021",Product Manager
CMCS-81,Comcast,5.0,Current Employee,.,Really great benefits from the company,Their are no cons I can think of at this current moment,"Nov 10, 2021",Xfinity Sales Professional XSP
CMCS-82,Comcast,5.0,"Current Employee, more than 10 years",Good Company,"Benefits, hours, pay, people are all ggod things here.",Being on call alot in bad weather.,"Nov 11, 2021",Network Technician
CMCS-83,Comcast,5.0,"Current Employee, less than 1 year",Great company,"I love the wonderful family friendly environment. They set you up for success, training is top notch.",Sometimes the hours are late.,"Nov 9, 2021",Retention Specialist
CMCS-84,Comcast,4.0,"Current Employee, more than 1 year",Good place to work,"Benefits are great, room for growth, good management",Systems changes and issues so many benefits you need a updated list or you will miss out,"Nov 3, 2021",Retention Agent
CMCS-85,Comcast,3.0,"Current Employee, less than 1 year",It’s okay,The job has its positives like time off is available.,The job is very stressful and not a lot of training.,"Nov 23, 2021",Appointment Manager
CMCS-86,Comcast,5.0,Current Employee,Awesome,This company has great benefits,There aren’t really any cons,"Nov 12, 2021",Inside Sales Representative
CMCS-87,Comcast,4.0,Former Employee,Great,Commission the money was good,You have to adjust that you may work ot,"Nov 10, 2021",Sales CAE
CMCS-88,Comcast,5.0,"Current Employee, more than 3 years",n/a,"great benefits, career advancement, work life balance",there are no cons to report,"Nov 11, 2021",Headend Technician
CMCS-89,Comcast,4.0,"Current Employee, less than 1 year",Decent,Money is pretty decent if you work hard,Very commission dependent at this company,"Nov 8, 2021",Sales
CMCS-90,Comcast,1.0,"Former Employee, more than 5 years","Extremely stressful job, high turn over, impossible stats, no support, tools given never work",Pay is better than most companies but not enough to cover the mental counseling you will require. Courtesy services is great but not completely free. They give free yearly passes to Universal studios.,Health benifits are expensive and metioker. This place does drive everyone mental trust me 90% of call center sees a psychiatrist and are medicated. the benefits only give a few free visits and working here will put even the strongest mentality sain person in the looney bin. The company regularly covers up sexual harrassment in work place. they cover up retaliation from leadership and other coworkers depending on whom they favor more. leadership bullies reps to make impossible stats by threatening job loss all the time. customers are irate boligerant because company wants to build theme parks in tokyo instead of putting money into improving there system and tools to be more stable! they constantly change the stats to raise the bar so your best bet is to not let them promote you because you will quickly drown and get promoted to customer! trust me they don't want to do anything to support customers so why would they care about there employees lets be honest every employee is expandable and they are nothing more than a number.  Worst company i ever worked for to be honest. I would never recommend it to anyone! The amount of stress you get will slowly kill you.  Just to give an example of how bad it is... they give us broken useless tools... tell us to stick to scripted line of questioning that is useless and does not fix issue; only to come up with hey after you do that hit this button tell customer wait an hour to temporarily fix it! mean while they know they have had ongoing issue with new cable box platform for over a month where units religiously shut down and we temporarily fix then they hold us responsible for customer call backs and say if we had advised of self service options that don't fix the issue that it would've prevented the call back and we don't ask for 100%!  Oh and you have to sell every call and finish every call in 12 minutes or less. Oh forget escalating to leadership because they refuse to take irate boligerant customer calls. Let me save your sanity don't work here i left and it was best move i ever made.,"Nov 11, 2021",Priority Bulk Representative
CMCS-91,Comcast,5.0,Current Employee,Great place to work,Im a door to door so i can make my own hours and the commission is great,Too much pressure and not a good training,"Nov 3, 2021",Sales Representative
CMCS-92,Comcast,3.0,Former Employee,"Good Training, not ready for actual customers.","Good pay, benefits and managers.",Actual customers are a nightmare 75% of the time.,"Nov 23, 2021",Customer Account Executive
CMCS-93,Comcast,3.0,Former Employee,My Comcast experience,"Below average pay, great benefits lots of leadership training","Below average pay, overworked, unrealistic metric goals, very stressful environment","Nov 19, 2021",Technical Operations Supervisor
CMCS-94,Comcast,5.0,"Current Employee, more than 1 year",Great Company to work for,"Excellent benefits and compensation, fair with employees when makin decisions,",not an easy job working outdoors in all types of weather conditions,"Nov 4, 2021",Direct Sales Representative
CMCS-95,Comcast,5.0,Former Employee,Great Place of Work,I loved the people that I worked with and what I got to do in regards to developing the culture at Comcast,"The only downside was that the work environment was very fast paced, which sometimes I couldn't keep up with.","Oct 27, 2021",Internal Communications Specialist
CMCS-96,Comcast,4.0,Current Employee,Viper is pretty great,"• Flexible hours
• interesting work
• friendly, competent managers","• ill-defined job definition
• frequent re-organization","Oct 28, 2021",Software Engineer III
CMCS-97,Comcast,4.0,"Current Employee, more than 3 years",Very solid,"Benefits are awesome, structure is flawed but is a good system",The pay is the worse and is overbearing,"Nov 3, 2021",Customer Facing Technician
CMCS-98,Comcast,5.0,"Former Employee, more than 1 year",Won't find a better job,"6 figure income, great management amazing benefits. Do the work and you will be rewarded.",None that I can think of.,"Nov 2, 2021",Direct Sales
CMCS-99,Comcast,2.0,Current Employee,Looks good from the outside,Most people working there are nice. Good benefits.,"Anything customer facing is a sales job. They don't tell you this during the hiring process. There is computer that listens to every call to make sure you are trying to sell every line of business Comcast has. It also listens to make sure you are using key words like love, like, favorite when it comes to the products. If you don't the computer drops your scores, which in turn drops your pay. If you lose a line of business or lower someones bill, your pay drops. There are daily meetings to ensure you will know how to sell more products, even to people who can't afford it. And you will have bi-weekly coaching to go over your numbers and advise you how to improve. And if you were wondering how you stack up to your fellow co-workers, no need to worry because the supervisors will post the whole teams personal score numbers in the chat. You are stuck at your position with no chance to move up for at least one year. After that time and if your sales numbers stay at a certain level for 3 months, then you can apply for a different position at the company. You are given X amount of vacation, flex, and float days, but don't use them on anything other emergencies. Once you run out no matter the situation, you will be fired for taking time off. It's company policy.","Jul 15, 2021",Customer Service Representative
CMCS-100,Comcast,3.0,"Current Employee, more than 8 years",Care Supervisor,"Great benefits, 401k, insurance plan and lots of flexibility with divisional teams working from home in a virtual call center environment. Great focus on Diversity and Inclusion, especially since 2020. The role itself is a lot of people management and performance reviewing. You don't have to manage schedules or anything like that because there's a different supervisor role specifically for those items.","Sometimes the workload is pretty heavy - especially if a peer promotes/transfers/goes on an LOA, etc. When team sizes start to get north of 14 it makes 1:1 coaching, call reviewing, meeting obligations, support chat hours, etc. much more difficult to do in a standard 40-50 hour work week - which then depreciates the salary. I've seen teams as high as 25 and that just seems impossible.

These changes often happen quickly and flexibility is expected by upper management when they do. On the other hand, if an agent needs IT support in order to do their job, or if a documented conversation needs approved by HR to be delivered, the same sense of urgency is not often displayed. 

Also when the region shifted to a division there's been a huge disparity in reporting tools and resources, which has caused myself and many peers a lot of frustration because of how that impacts the time it takes to do our job and the way in which we build our conversations with our direct reports.","Jul 2, 2021",Customer Care Supervisor
CMCS-101,Comcast,4.0,"Current Employee, more than 1 year",Solid but easy to get lost,"-Opportunity to work on big challenges that impact lots of people daily
-Well funded/tons of resources
-A lot of great people
-Benefits
-Pay","-A huge, political maze that can be tough to navigate
-Long, overwrought interview processes
-Way too top heavy","Oct 11, 2021",Senior Manager Customer Experience
CMCS-102,Comcast,4.0,Former Employee,Great Company,Great Company to work for they have great benefits and great starting pay,Nothing the company is good to work at,"Nov 3, 2021",Sales Consultant
CMCS-103,Comcast,4.0,Former Employee,Good Org,"Benefits, career growth, great products, inslsiveness",None that I can think of at the moment,"Nov 5, 2021",BAE
CMCS-104,Comcast,5.0,"Current Employee, more than 3 years",Excellent place to work,"work/life balance
room to grow
good pay",in office work environment could be better,"Nov 5, 2021",Technical Writer
CMCS-105,Comcast,1.0,"Former Employee, more than 3 years",Good in the beginning,Employee discount that they give you on the services.,"Working here they will constantly change the pay scale and how much you make per unit you sell they make the products so expensive therefore making it harder to sell and management is on your back a lot to sell and push products making it uncomfortable at times. Also get ready to do every job but sell because you will be asked to trouble shoot with customers, solve a problem the call center messed up you will also be asked to trouble shoot phones in the store. If you decide to work here it’s a good job in the beginning when you don’t know what employees used to make on units, you will be asked to sell but most of the customers don’t want to pay anymore then they already are, only want internet, or have all the products anyway.","Oct 17, 2021",Retail Sales Consultant
CMCS-106,Comcast,5.0,"Former Employee, more than 1 year",Great Company,"- Job description matched the reality
- Training was easy and smooth
- Base Pay included
- Ramp was very lucrative
- Nice benefits package","- Work in elements
- People facing can expose one to rude people (which comes with any customer facing role/position)
- my direct sales managers seemed less than helpful in terms of their sales acumen. Though other managers seemed more capable.
- Most people don’t typically get home until late and thus the window for sales isn’t great.","Oct 6, 2021",Xfinity Sales Professional
CMCS-107,Comcast,2.0,"Former Employee, more than 10 years","...you will be doing more (than expected), if not; you'll get DiNg",Stability (job security) and benefits (got cheaper and cheaper,"Brutal work load, everything is what they call metrics (performance), you're a number, lip service management, micro-managing procedures and most thing are looked from an unrealistic ideal view.","Nov 13, 2021",Telecommunications Technician
CMCS-108,Comcast,5.0,"Former Employee, more than 3 years",Micromanage but good pto,"Tv, internet discounts, good amount of pto","Micromanage, metrics’s and supervision over the maintenance which is a main reason for call backs","Oct 24, 2021",Technician
CMCS-109,Comcast,2.0,Former Employee,Think twice,Discounted services for home services,Poor management with little advancement,"Nov 23, 2021",Anonymous Employee
CMCS-110,Comcast,1.0,Former Employee,Everyone is replaceable,Benefits and courtesy services. That is it,"Management, no support system (including HR), extremely long hours, poor metric and tracking system with MAJOR flaws, even if they've made an error it's still your fault, lack of care for technicians' safety.","Nov 18, 2021",Telecommunications Technician
CMCS-111,Comcast,2.0,"Current Employee, more than 8 years","Unending chaos, pandemonium, and bedlam",Great benefits and pay. Full time work from is nice too.,"The engineering side of the company is a chaotic mess. Very old school processes, everything is manually done (make a mistake though and you’ll never hear the end of it), systems are woefully outdated. 

Heavily siloed structure so no one knows what’s going on outside their silo. Everything is an instant emergency too that needs attention 5 minutes ago.

Performance metrics change on a whim to get rid of people who do not “fall in line”. It’s nearly impossible to move up or even laterally.

Rarely you’re allowed to do your job because you’ll be inundated with meetings, surveys, emails, Teams messages, meetings, busy work (projects), oh and in case you missed it, meetings. Amid all this pandemonium, if your productivity (metrics) suffers, you’ll be asked why and how can *you* do better.","Sep 22, 2021",Analyst II
CMCS-112,Comcast,5.0,Current Employee,Great place to work,I like it here because of the people,I don't have many cons,"Nov 3, 2021",Construction Supervisor
CMCS-113,Comcast,5.0,"Former Employee, less than 1 year",Good workplace environment,Goode wages . good people to work with,High call volumes and stressful customers,"Nov 4, 2021",Account Manager
CMCS-114,Comcast,4.0,Former Employee,Great,Plenty of flexibility and time off.,Having to “place” but if you’re on probation there is no way you can even if you pass the probation,"Oct 31, 2021",Customer Service Representative
CMCS-115,Comcast,5.0,"Current Employee, more than 3 years",Great place to work!,Great management and work-life balance.,There is no cons so far.,"Nov 3, 2021",Lead Devops
CMCS-116,Comcast,5.0,Current Employee,The Best Work Culture,"Great work culture, great benefits, many opportunities to advance in career and grow skills",I have no complaints toward this company,"Oct 31, 2021",Sales Compensation
CMCS-117,Comcast,4.0,"Current Employee, more than 3 years",It’s okay,"Benefits are good
Tools and truck provided",Work/life balance is not good,"Nov 5, 2021",Comm Tech IV
CMCS-118,Comcast,2.0,"Former Employee, more than 10 years",Review,"Good Benefits, the people that work there are Awesome.",Very KPI-driven. If you fail at any KPI's you are pretty much done for employment you are put on a performance plan that is designed for you to fail.,"Oct 30, 2021",Business Analysis Senior Analyst
CMCS-119,Comcast,5.0,Current Employee,Great place to work,Diverse and respectable management and co-workers,You are constantly pivoting with ever-changing technology,"Nov 2, 2021",Analyst
CMCS-120,Comcast,4.0,"Current Employee, more than 3 years",Good,You're able to work from home,I feel as though there are no downsides,"Nov 3, 2021",Sales Representative
CMCS-121,Comcast,5.0,Current Employee,Amazing,Really love working for them,None at the moment. Good place to work,"Nov 3, 2021",Anonymous Employee
CMCS-122,Comcast,2.0,"Former Employee, more than 10 years",Moving On,"Pay, Benefits, Training, Heavily Discounted Cable Services","Incredibly and radically woke, soul-sucking corporate culture. Detached, incompetent, out of touch, agenda-driven leaders. Nepotism-based hiring and promotion.","Oct 26, 2021",Director
CMCS-123,Comcast,5.0,Current Employee,Good,Pay and benefits are good to go,Stream is the way to go not bad,"Nov 3, 2021",Sales Associate
CMCS-124,Comcast,5.0,"Current Employee, more than 1 year",Good work family balance,"Good benefit package: health, vision, dental, stocks, match 401, bonus, and courtesy services.

Nice work balance specially during pandemic.

Lot of opportunities to learn and challenge.",Slow to get promoted and some politics get in the way.,"Oct 24, 2021",Software Engineer IV
CMCS-125,Comcast,2.0,"Current Employee, less than 1 year",Not as good as it sounds!,"Great workplace, environment and options for bringing lunch or having it made by the chef. Lots of room for growth, or department change.","Recorded calls to review weekly and point out wrong doings, hard to get a hang of , so much multitasking, not enough overtime, not enough time in the working day at all to get everything you need done, favoritism seems to be played.","Oct 27, 2021",Retention Account Manager
CMCS-126,Comcast,5.0,"Current Employee, more than 10 years",Excellent place to work,"Benefits, industry-leading products and services, and workplace atmosphere",a twenty-four-seven industry so be prepared to always have a finger on the pulse,"Oct 29, 2021",Field Engineer
CMCS-127,Comcast,5.0,"Current Employee, more than 3 years",Great Company,"Comcast is a great company with many opportunities to grow your career.
You need to focus on results on and networking and you'll have plenty of opportunity to advance.
They offer great benefits and focus heavily on the employee experience.",Wish there was more freedom in some regions to allow you to run your business how you see fit.,"Oct 12, 2021",Market Manager
CMCS-128,Comcast,4.0,Current Employee,"Not bad, but not great","Stable, nice people, great building","Bureaucratic, slow to deliver, silo'd","Nov 1, 2021",Software Engineering Manager
CMCS-129,Comcast,3.0,"Current Employee, less than 1 year",Work hard to make money,"Commission
Flexibile schedule
Immediate access to benefits
Remote position","Low base pay
Poor communication
Not enough training","Nov 19, 2021",Billing Representative
CMCS-130,Comcast,5.0,"Current Employee, more than 5 years",Best Company Ever!,"Great benefits, commission and experience!",Not Applicable because you make it your own!,"Nov 1, 2021",Anonymous Employee
CMCS-131,Comcast,3.0,Current Employee,comcast is ok,they offer benefits for employees,underpaid for the kind of work i do,"Nov 20, 2021",IT Service Analyst
CMCS-132,Comcast,5.0,Current Employee,Great company to work for,Company offers great benefits and incentives. The courtesy services are great too.,Can be stressful at times for sure,"Oct 27, 2021",Anonymous Employee
CMCS-133,Comcast,3.0,"Current Employee, less than 1 year",OK,Just a job for an income,It is a Job that helps recieve exercise,"Nov 19, 2021",Aviation Safety Technician
CMCS-134,Comcast,5.0,Current Employee,Its a great company to work for,"Culture, Good learning opportunity, Amazing team",Travel a lot to the location was hard,"Oct 28, 2021","Manager, Software Development and Engineering"
CMCS-135,Comcast,4.0,"Current Employee, more than 1 year",Overall Great Company to work for,"There are a lot of pros to working at Comcast, here are some of them:
1. Benefits - Comcast offers a wide range of amazing benefits that most companies cannot match.
2. Culture - A positive culture has been my interest since I started the job and I must say I was very impressed by the way the leadership prioritizes a positive and inclusive work culture. They do a great job protecting the employees and actively working on diversity and inclusion. 
3. They seem to make an effort to listen to the employees when a change is requested with enough support from peers. It's not easy to feel like you have a voice in such a large company and it's not perfect but it's on the right track.
4. Improved focus on customer service
5. Amazing product and technology.

There are more pros but just to keep it brief this is overall a great company to work for.","There aren't many cons to working at Comcast but here is something I've noticed.
1. Although ""constant change"" for a large company is usually a great thing that Comcast does well, I think sometimes things tend to change in a negative direction by making a process less efficient than before.","Jun 14, 2021",Outbound Sales Representative
CMCS-136,Comcast,2.0,Former Employee,Good company & benefits TERRIBLE UPPER MANAGEMENT,"Work from home, commission based until they took that away because of COVID, Awards, a lot of PTO","Terrible communication no one is ever on the same page, nobody on management takes accountability, never clear direction, took away commission and gave base pay that lowered my annual.","Oct 28, 2021",Retention Specialist
CMCS-137,Comcast,4.0,"Former Employee, more than 5 years",Good Pay depending on Location,"Good pay! Solid company as far as job security. Also offer really good benefits, including tuition reimbursement. Also give 4 free tickets to Universal Studios every year. Overall, good job to get back on your feet, just don’t become complacent.","This particular position is becoming more and more retail focused. Feels like you have a mall job but with decent pay. Also have to stand up THE WHOLE SHIFT everyday. Once store switched to Xfinity retail years ago, employees no longer had chairs to sit in. Also, prepare to deal with some of the irate customers complaining about their bill.

O yeah, forgot about only getting one weekend off per month. Sometimes it would be every other week, but location was always understaffed, so it was only one per month…including sundays.","Aug 19, 2021",Retail Sales Consultant
CMCS-138,Comcast,3.0,"Former Employee, more than 10 years","Was great in 2004, but got progressively worse over the years. Micromanaging bosses","Great benefits, large company with opportunities, decent salary, nice buildings, safe environment, mostly friendly workers, good work/life balance, family oriented.","Increasingly political work environment, elitist upper management, increasingly centralized governance, management can be very micromanaging, hypocritical stance on diversity—diversity in the lover level positions while upper management is mostly white, most lower level employees are not empowered and are often weighted down with unrealistic numbers to meet and restrictions.","Jul 26, 2021",Specialist II
CMCS-139,Comcast,4.0,"Current Employee, more than 5 years",Great position if you are content with a store manager position and do not want to further your career beyond that.,"Great benefits and perks. Generous PTO, great health and dental benefits, courtesy internet and cable service, employee stock purchase, and generous 401k match.",Very little growth opportunity beyond Store Manager. They want to hire externally for Market Manager positions and above.,"Aug 1, 2021",Xfinity Store Manager
CMCS-140,Comcast,4.0,Current Employee,Depends on organization,Good benefits package. Job security,Work culture varies a lot depending on the organization that we join,"Oct 27, 2021",Principal Software Engineer
CMCS-141,Comcast,4.0,"Current Employee, more than 3 years",Great place to work,"Clear policies, well supported in my work, good working environment",Nothing worth mentioning at this time,"Oct 28, 2021",Devops Engineer
CMCS-142,Comcast,4.0,"Former Employee, more than 10 years",Great to start a career,Benefits were great and maternity leave is awesome,There was no real training or on boarding. You were just thrown to the wolves,"Oct 18, 2021",Project Manager
CMCS-143,Comcast,5.0,Current Employee,Love it,"Always meeting new people, Always learning",Lots of driving and long days,"Oct 29, 2021",Indirect Account Manager
CMCS-144,Comcast,5.0,"Current Employee, more than 8 years",Director,Family oriented environment and room to grow,Salary is not as competitive,"Oct 25, 2021",Director
CMCS-145,Comcast,5.0,Current Employee,Good company,Good benefits. PTO. Holidays. Vacations,None it's all good to work with them,"Oct 28, 2021",IT Engineer
CMCS-146,Comcast,4.0,"Former Employee, less than 1 year",Depends on the team,"Everyone is dedicated to the work and completing projects. Company pays well as it is the top company In Philadelphia and a Fortune 50 company.

Work Life balance is great and off early on Sundays","Depends on the team, no training or onboarding from my manager. My team only had 3 people (including myself) and we all worked on different projects so it felt like there was no room to ask questions and when I did nobody really knew the answer. Everyone was very intelligent though , the role just didn't fit my background.","Sep 11, 2021",Senior Information Systems Analyst
CMCS-147,Comcast,3.0,"Former Employee, more than 1 year",Eh,"Not for everybody, some will love it some will hate it.","Hours, breaks, work life balance, leadership","Nov 17, 2021",Inside Sales Representative
CMCS-148,Comcast,5.0,"Current Employee, more than 5 years",Great company and culture!,Great overall company & culture. They listen to the front line employees and do their best to implement changes,Sometimes support functions / teams are slow to respond & lack accountability.,"Oct 19, 2021",Sales Manager
CMCS-149,Comcast,5.0,Current Employee,Amazing company,Company has great benefits and retirement options.,Long hours and work in difficult weather.,"Oct 27, 2021",Telecommunications Technician
CMCS-150,Comcast,3.0,"Current Employee, more than 1 year",Company overview,"Deeply discounted products like cable, internet, home security.
Free and discounted access to the Universal Studios theme parks and hotels.
6% company match on 401k. ESPP.","They are starting to ramp up offshore teams and many current employees do not feel safe in their roles. They can have 1 or 2 years of eNPS surveys telling them that a department needs more help and everyone is burning out, but they will let that department die off to replace with offshore workers.","Oct 15, 2021",Operations Supervisor
CMCS-151,Comcast,2.0,"Current Employee, more than 1 year",Not for everyone,"Good resources 
Okayish benefits
Lots of useful knowledge","Not enough pay for amount of work
Poor and unjust on job injury pay
Poor communication through leadership","Nov 10, 2021",Residential Technician
CMCS-152,Comcast,3.0,"Current Employee, more than 5 years",Really bad management,We get Free cable and internet services,The recruiting team in TPX is diminishing by the day. Bad managers. Team is over worked.,"Nov 10, 2021",Senior Technical Recruiter
CMCS-153,Comcast,5.0,"Current Employee, more than 5 years",Excellent work environment,All great experiences in comcast. Teams are very friendly. Great Processes,Some times there are managers who micro manage,"Oct 23, 2021",Senior Incident Manager
CMCS-154,Comcast,5.0,Former Employee,Good,"Accessibility focused, good benefits, 6% 401k match","Poor leadership organization, frequent re-orgs","Oct 28, 2021",Senior Product Architecture Engineer
CMCS-155,Comcast,1.0,"Former Employee, more than 8 years",Avoid,"Good pay, promotions avaliable if you work hard.","Horrible culture, continue to ask for feedback with little change and consistent layoffs.","Nov 14, 2021",Manager of Customer Service
CMCS-156,Comcast,4.0,"Current Employee, more than 8 years",Great place to work!,"Continuing changing technology which keeps the company ever changing, challenging and exciting.",Seem to be slow with process and business structure changes within the organization to keep up with changes in their customer base and creating the best customer/sales rep experience.,"Sep 22, 2021",Comcast Business
CMCS-157,Comcast,2.0,"Current Employee, more than 5 years",Mediocre,"-Discounted services
-flexibility in time off","-The worst metric system I have encountered in decades
-Zero transparency from above
-Callous disregard for employee concerns
-Senior management
-Job security
-Benefits are worse every year and incredibly expensive","Oct 8, 2021",Customer Service Specialist
CMCS-158,Comcast,2.0,Former Employee,Boring but steady,"Discounted cable services, team environment, event days","Lots of micro managing, high sales goals for non sales positions","Nov 15, 2021",Customer Account Specialist
CMCS-159,Comcast,5.0,"Former Employee, less than 1 year",Hfh,Best place to work its awesome,They could be more organized,"Oct 28, 2021",Anonymous Employee
CMCS-160,Comcast,5.0,"Current Employee, more than 8 years",nice job,"good salary, medical, dental, 401k",taking the train to the city is a problem,"Oct 25, 2021",Software Engineer
CMCS-161,Comcast,4.0,"Current Employee, more than 10 years",Great place to work,"Benefits are good, culture getting better all the time.",Salary isn't as high as some other places but is a little offset by employee services.,"Oct 13, 2021",Anonymous Employee
CMCS-162,Comcast,5.0,"Former Employee, more than 1 year",Solid Job with great benefits,"great benefits, free cable, base pay plus a nice commission structure ( when I was there).",Too many managers and supervisors telling you different things,"Oct 14, 2021",Business Services Representative
CMCS-163,Comcast,4.0,Current Employee,It’s cool,"Benefits are great
Good starter job","Pay
Turnover
Growth in company isn’t great","Oct 28, 2021",Customer Sales Executive
CMCS-164,Comcast,4.0,"Current Employee, more than 1 year",It’s really beneficial in the long run,"Great work life balance, and benefits","Pay is low considering expectations, often feel like a number rather than a person","Oct 20, 2021",Comm Tech III
CMCS-165,Comcast,4.0,Current Employee,great company,"Benefits, experience, exposure, opportunities to expand role",can be long hours especially in Q4,"Oct 26, 2021",Senior Manager%2C Operations
CMCS-166,Comcast,4.0,"Former Employee, more than 3 years","Good Company, Low pay","They take care of Service Technicians
Very understanding management\
Family Oriented","Low Pay
Poor corporate management
Metric system is based on luck","Oct 22, 2021",Field Service Technician
CMCS-167,Comcast,5.0,"Former Employee, more than 5 years",Not a bad place to work,Schedule wasn’t bad at all,Pay could be better I think,"Oct 20, 2021",Field Service Technician
CMCS-168,Comcast,1.0,"Current Employee, more than 8 years",They don't deserve you.,Free Universal tickets that's about it.,"They will lure you with talk about amazing perks, great pay and opportunity to grow and move up... the truth is its corporate politics. You won't move up in the company unless you kiss the behind of those above you or meet their flavor of the week. Comcast has always said over here that for a communications company we suck at communication. There is no work/life balance if you make a suggestion of give any honest feedback you are blacklisted from any promotions. The force repair employees to sell and make it a required core metric. Their coaching styles are designed to push people down rather than lift up. The longer you stay the harder it is to get out(sort of like a bad gang)

Don't do this to yourself...you're better than this go elsewhere.

Of if you are white Run as far away as possible you will be ostracized","Jul 1, 2021",Customer Service
CMCS-169,Comcast,4.0,"Current Employee, more than 3 years",Great Company,Great products and services.benefits and perks,Management tries too hard to please everyone,"Oct 26, 2021",Supervisor Operations
CMCS-170,Comcast,4.0,"Current Employee, more than 8 years",Eng5,"Good conditions overall, possibly good carreer","Multiple reorgs, a lot of legacy techs","Oct 26, 2021",Eng5
CMCS-171,Comcast,2.0,"Former Employee, more than 1 year",Misled Employees / Used Pandemic as an excuse,"Original job training was good.
Co workers were great.
Original Job was not difficult.","Mislead about upward mobility opportunities.
Took advantage of employees mid pandemic by forcing them to take on the responsibilities of other positions with no additional pay. 
Told our department that we were a black hole for money, in spite of the company making record profits during the pandemic.","Oct 8, 2021",Technician
CMCS-172,Comcast,3.0,Former Employee,comcast,Strong Company good benefits and free cable,too heavily metric driven most of the time,"Nov 16, 2021",Manager
CMCS-173,Comcast,4.0,"Former Employee, more than 5 years",Learn valuable people's skills,"Always engaged, learn great people skill from sales, technology, billing, customer service through overcoming objections. Pays well and training is fun.",Intercommunication between departments prevents complex operations and problem solving goals to complete. Stressful situations daily.,"Oct 1, 2021",Retention
CMCS-174,Comcast,4.0,"Current Employee, more than 1 year",Entry level software engineer review (2 years),"Nice facilities, pay was decent for region, and good team",The work itself is a bit monotonous and boring,"Oct 20, 2021",Software Engineer
CMCS-175,Comcast,3.0,"Current Employee, more than 3 years",Great company to work for,You get paid 3 month for maternity leave,New hires don’t make anything. Making progress at Comcast is like climbing Mount Everest.,"Nov 10, 2021",Cable Technician
CMCS-176,Comcast,5.0,"Current Employee, more than 5 years",Development Opportunities,Benefits and perks are top notch. Flexibility and work/life balance.,Takes about a year to get fully acclimated but everyone is happy to help.,"Oct 15, 2021","Manager, Reporting Analysis"
CMCS-177,Comcast,3.0,"Former Employee, more than 5 years",Customer care,The Benefits are really good probably the best thing about working there. Pay is really good as well.,Micromanaging from supervisors. Don’t expect supervisors to support you if you are in jeopardy of losing your job. Job security is not good. Your job will constantly be threatened if you are not meeting your metrics/expectations. Really hard to move up or transfer to other departments. Have to bid for new shifts every year to two years so if your metrics are bad you will get a crappy shift and stuck on that shift for a long time.,"Oct 3, 2021",Customer Care Representative
CMCS-178,Comcast,5.0,"Current Employee, more than 8 years",Current Account executive,work from the comfort of your own home,no office to go to every day,"Oct 21, 2021",Account Executive
CMCS-179,Comcast,5.0,Former Employee,great company,great benefits and time off,little to no growth options unless you're in for the long haul and willing to move,"Oct 18, 2021",Manager
CMCS-180,Comcast,5.0,"Current Employee, more than 10 years",Great place to work,"Great benefits, leadership cares for their employees",some processes take a while to implement,"Oct 21, 2021",Anonymous Employee
CMCS-181,Comcast,2.0,"Former Employee, less than 1 year",Not enough pay for the work,Decent benefits and insurance plan,Everything else is a con,"Nov 13, 2021",Internet Technician
CMCS-182,Comcast,1.0,"Former Employee, more than 1 year",.,Comcast has decent benefits overall.,They make us attend useless meetings every 2 days,"Nov 21, 2021",Anonymous Employee
CMCS-183,Comcast,4.0,Former Employee,good pay,"great pay
good benefits
always can get overtime","no breaks sometimes
no life/work balance","Oct 22, 2021",Customer Service Representative
CMCS-184,Comcast,5.0,"Current Employee, more than 1 year",Love it,"Sales, monthly commission, stress frr","None, I love my job","Oct 23, 2021",Retail Sales Associate
CMCS-185,Comcast,5.0,Current Employee,Great Team,"Team oriented, salary, bonuses, PTO",Cannot think of any at the moment,"Oct 22, 2021",Process Engineer
CMCS-186,Comcast,3.0,"Former Employee, more than 3 years",its ok - pay is low for what comes with the job,lots of changes keep it interesting,sales reps constantly try to game the game,"Nov 11, 2021",Sales Support Coordinator
CMCS-187,Comcast,4.0,Former Employee,good company,the company have great benefits,none that i know of,"Oct 23, 2021",Revenue Analyst
CMCS-188,Comcast,4.0,"Former Employee, more than 1 year",Nice place to work,Employee discount and nice people.,The company outsources and layoffs happen sometimes,"Oct 20, 2021",Anonymous Employee
CMCS-189,Comcast,4.0,"Former Employee, more than 3 years",Okay company,"Paid time off almost up front 
Tuition reimbursement 
401k","Mostly internet calls only 
Calls routed wrong","Oct 19, 2021",Sale Representative
CMCS-190,Comcast,5.0,"Former Employee, more than 10 years",One of the best company to work for,"flexible schedule, friendly work environment",not much visibility when working remote,"Oct 19, 2021",Deployment Engineer
CMCS-191,Comcast,5.0,Current Employee,Great company,Great company to work for,There is nothing that I can complain about,"Oct 17, 2021",Senior Manager
CMCS-192,Comcast,4.0,Current Employee,.,it is okay i guess,I do not have anything to share at this time,"Oct 19, 2021",Fulfilment Supervisor
CMCS-193,Comcast,4.0,"Former Employee, more than 3 years",Employee Surveys aren’t really anonymous,If you land with the right boss in a growing organization it can be a great place to work.,They use employee surveys to hunt for anyone who questions the efficacy or actions of the leaders. I filled one out that simply said they were being inconsistent in their messages about “Titles aren’t important.. we’re all part of the same team..”. The next week they held a strategy meeting and said “.. Director level and above only..”. Within two weeks of filling out the “anonymous” survey I was called into the manager’s office and pointedly asked “.. are you not happy with your job here?” When I spoke with a co-worker about the experience she said “if you give them a bad review on those surveys they are filtered by the organization that they came from and they make the managers track down who said it.” I ended up losing my job for telling the truth. It’s like working for the GOP.,"May 11, 2021",Program Director
CMCS-194,Comcast,5.0,"Current Employee, more than 5 years",Sales,During the pandemic they have really proven that we are more than just a number. They are also putting a huge focus on DE&I,"Job security, a lot of times they will cut whole departments with no notice and it’s normally right before Christmas. Every year is so stressful.","Sep 16, 2021",Sales
CMCS-195,Comcast,2.0,"Current Employee, more than 5 years",Hard to move up,"Great benefits, free Comcast services, and nice time off. The retirement plan is great too.",Be prepared to be stuck at the bottom. I have an MBA and am still a front-line agent. I'm leaving because of this. The pay is hard to come by metrics are always raised and they pay you less and less each time making it hard to reach goals for pay. Calls are back to back with nonsales call making your day long and depressing.,"Oct 7, 2021",Account Management Associate
CMCS-196,Comcast,3.0,Current Employee,Ok job for young person,Mostly a self managed job,No pay increase unless u hit unrealistic metrics,"Nov 11, 2021",Residential Technician
CMCS-197,Comcast,3.0,"Former Employee, more than 3 years",Feed Back,Great Benefits and Nice people,Management Problems and a Lack of support,"Nov 11, 2021",Customer Service Representative
CMCS-198,Comcast,4.0,Current Employee,Descent Company,"Great benefits and Perks
Great people","Low start wage
Slow progression
Politics
Supervisor have way too much control in your success","Oct 11, 2021",Technician
CMCS-199,Comcast,2.0,"Former Employee, more than 5 years",The job will use you until they don't need you and then get rid of you.,"Co workers, driving, meeting ppl",Dealing with lies and power trip individuals.,"Nov 6, 2021",CT IV
FDX-0,FedEx,5.0,"Current Employee, more than 3 years",Good,Good and very nice and fun,Nothing at alll with this company,"Nov 24, 2021",Crew Member
FDX-1,FedEx,5.0,Current Employee,"Good Pay, Hard Work","Good Hours
Great for part-time work
Flexible","Exhausting work
Not much room for breaks","Nov 23, 2021",Package Handler
FDX-2,FedEx,4.0,Current Employee,Package handler,"They have good benefits, hours and shifts are good as well and picking up shifts for more $$ ain’t a problem either especially during holidays",If your body not built for lifting and movement overtime it’s gone start hurting,"Nov 22, 2021",Ground Package Handler
FDX-3,FedEx,4.0,"Current Employee, less than 1 year",Customs is a beast!,"Great benefits, 401k plan, unlimited opportunities",Working the weekends and holidays.,"Nov 22, 2021",Customs Trade Agent
FDX-4,FedEx,5.0,"Current Employee, more than 5 years",Fantastic,"Great team environment 
Great pay
Great benefits",None at this time. Thank you,"Nov 21, 2021",Senior Manager
FDX-5,FedEx,5.0,Current Employee,Great company,"Love this company, excellent workplace and customer experience.",Need better options to move up,"Nov 22, 2021",Marketing Coordinator
FDX-6,FedEx,5.0,"Former Employee, more than 1 year",Great benefits,Loved working at Fedex just wish hours were guaranteed,"Management sucks 
Seem to be racist","Nov 20, 2021",Package Handler
FDX-7,FedEx,5.0,"Former Employee, more than 8 years",Great,company 👍🏼 👍🏼 👍🏼 👍🏼,Long hours. Lazy select employees.,"Nov 21, 2021",Anonymous Employee
FDX-8,FedEx,5.0,"Current Employee, more than 1 year",Fedex International Account Manager,"Great company.
Best place to work.",I don't have anything bad to say,"Nov 18, 2021",International Account Manager
FDX-9,FedEx,4.0,Current Employee,Nice company,Decent company with decent benefits,Management is where they packed in my opinion,"Nov 18, 2021",Anonymous Employee
FDX-10,FedEx,5.0,"Current Employee, more than 3 years",Good,Good and very nice and fun,Nothing at alll with this company,"Nov 24, 2021",Crew Member
FDX-11,FedEx,5.0,Current Employee,"Good Pay, Hard Work","Good Hours
Great for part-time work
Flexible","Exhausting work
Not much room for breaks","Nov 23, 2021",Package Handler
FDX-12,FedEx,4.0,Current Employee,Package handler,"They have good benefits, hours and shifts are good as well and picking up shifts for more $$ ain’t a problem either especially during holidays",If your body not built for lifting and movement overtime it’s gone start hurting,"Nov 22, 2021",Ground Package Handler
FDX-13,FedEx,4.0,"Current Employee, less than 1 year",Customs is a beast!,"Great benefits, 401k plan, unlimited opportunities",Working the weekends and holidays.,"Nov 22, 2021",Customs Trade Agent
FDX-14,FedEx,5.0,"Current Employee, more than 5 years",Fantastic,"Great team environment 
Great pay
Great benefits",None at this time. Thank you,"Nov 21, 2021",Senior Manager
FDX-15,FedEx,5.0,Current Employee,Great company,"Love this company, excellent workplace and customer experience.",Need better options to move up,"Nov 22, 2021",Marketing Coordinator
FDX-16,FedEx,5.0,"Former Employee, more than 1 year",Great benefits,Loved working at Fedex just wish hours were guaranteed,"Management sucks 
Seem to be racist","Nov 20, 2021",Package Handler
FDX-17,FedEx,5.0,"Former Employee, more than 8 years",Great,company 👍🏼 👍🏼 👍🏼 👍🏼,Long hours. Lazy select employees.,"Nov 21, 2021",Anonymous Employee
FDX-18,FedEx,5.0,"Current Employee, more than 1 year",Fedex International Account Manager,"Great company.
Best place to work.",I don't have anything bad to say,"Nov 18, 2021",International Account Manager
FDX-19,FedEx,4.0,Current Employee,Nice company,Decent company with decent benefits,Management is where they packed in my opinion,"Nov 18, 2021",Anonymous Employee
FDX-20,FedEx,4.0,Current Employee,Good company,"Great work life balance, excellent benefits",The commute is not ideal,"Nov 17, 2021",Pricing Coordinator
FDX-21,FedEx,4.0,Current Employee,I like it,"Flexible, good management. Fair work.","Busy, pay could be better for the amount of work expected","Nov 17, 2021",Senior ECO Import Agent
FDX-22,FedEx,5.0,Former Employee,Good place of work,Good workplace for picking and packing,It depends on what you want as an individual,"Nov 16, 2021",Material Handler
FDX-23,FedEx,4.0,"Current Employee, more than 1 year",Job,The pay is pretty good for experience level,Occasionally things get crazy and requires more work after hours.,"Nov 17, 2021",Software Engineer
FDX-24,FedEx,5.0,"Current Employee, less than 1 year",Great place to work,Get environment and flexible hours,not enough working hours for part-time and full time,"Nov 15, 2021",FedEx Package Handler
FDX-25,FedEx,5.0,Current Employee,parcel sorter,"easy work, with a good enviorment.",not enough pay for me.,"Nov 15, 2021",Parcel Sorter
FDX-26,FedEx,4.0,Current Employee,Great company,"Great Benefits, Wide range of shifts to work, Overtime opportunities",The Training is an issue (not enough detailed training),"Nov 15, 2021",Import Specialist
FDX-27,FedEx,4.0,"Former Employee, more than 1 year",Good job,Good pay..Good enviroment ..Positi e emviromwnt,long hours at times bad family lif,"Nov 16, 2021",Delivery Driver
FDX-28,FedEx,5.0,"Former Employee, more than 10 years",Wonderful,I loved the company benefits.,"None, I think benefits were great.","Nov 12, 2021",Senior Technical Specialist
FDX-29,FedEx,4.0,"Current Employee, less than 1 year",FEDEX,good position with the fedex company,long hours working especial on Christmas.,"Nov 11, 2021",Delivery Driver
FDX-30,FedEx,4.0,Current Employee,Assistant manager,"Pay, bonuses, move up in the company quickly","Hours, lot of lifting, little help","Nov 12, 2021",Warehouse Worker
FDX-31,FedEx,5.0,"Current Employee, more than 1 year",Great way to start a career,"Lot's of training, great product","None so far, it's been great","Nov 10, 2021",Digital Sales Executive
FDX-32,FedEx,5.0,"Current Employee, more than 1 year",Good,I live everything about working at fedex.,I don't find any cons working at fedex.,"Nov 10, 2021",Package Handler
FDX-33,FedEx,5.0,"Former Employee, more than 1 year",na,"Great with employees. 
pay is good",full time is 12-11 pm,"Nov 10, 2021",Trainer
FDX-34,FedEx,3.0,"Current Employee, more than 10 years",None,Flexible schedule and work from home,Sub standard pay and little room for advancement,"Nov 24, 2021",Account Manager
FDX-35,FedEx,5.0,Current Employee,Great Company To work,"Amazing benefits, great, pay, off on weekends",Management needs restructuring in all areas.,"Nov 8, 2021",Customer Service Representative
FDX-36,FedEx,4.0,Current Employee,x,longevity co to work for,you enjoy no major holidays,"Nov 8, 2021",Fedex Express Dispatcher
FDX-37,FedEx,4.0,Former Employee,Fedex,Salary salary salary salary salary,Shift Shift Shift shoft shift,"Nov 8, 2021",Courier
FDX-38,FedEx,5.0,Current Employee,Good company,FedEx has a great WLB,The city Memphis is bit boring,"Nov 7, 2021",Revenue Science Analyst
FDX-39,FedEx,4.0,"Current Employee, more than 3 years",FedEx IT,Good promotion opportunity and people focus,"Lack of diversity, poor work life balance","Nov 5, 2021",Senior Fullstack Developer
FDX-40,FedEx,4.0,Current Employee,Just Started,Great hours and great benefits within the company,Unknown cons I just started,"Nov 6, 2021",Game Designer
FDX-41,FedEx,5.0,"Current Employee, more than 10 years",Review,Work life balance and diversity.,Siloed career positions. Lack of advancement opportunities.,"Nov 5, 2021",Engineering Advisor
FDX-42,FedEx,5.0,"Current Employee, less than 1 year",Good,"People, schedule, environment, benefits, overtime","Not many cons, good place","Nov 4, 2021",Retail Sales Associate
FDX-43,FedEx,4.0,"Current Employee, more than 3 years",Working for fedex,Very fast paced working environment,Standing on your feet for long periods of time,"Nov 4, 2021",FedEX
FDX-44,FedEx,5.0,"Former Employee, more than 3 years",handler,good benefits and paid weekly,non flexible hours and work on holidays,"Nov 3, 2021",Material Handler
FDX-45,FedEx,2.0,"Former Employee, more than 1 year",Ehh,Decent pay at the job,They will hire just about anybody,"Nov 18, 2021",Part Time Package Handler
FDX-46,FedEx,5.0,"Current Employee, more than 8 years",Great company,Overall a great company to work for,There is a serious lack of training at the moment.,"Nov 3, 2021",Ops Manager
FDX-47,FedEx,4.0,"Current Employee, more than 3 years",Overall Experience,"There is an opportunity to make your compensation all around, with constant overtime during the peak season. There is a friendly atmosphere and a family oriented dynamic. We all work together to get the job done!",The only downside is that you may be required to assist others in order to get the job done (i.e. talking additional stops from your colleague in order to balance out the workload); but this is what being a team player is all about!,"Nov 2, 2021",Courier
FDX-48,FedEx,4.0,"Former Employee, less than 1 year",Work schedule,Flexible hour and friendly environment,Management dont care about employees,"Nov 2, 2021",Picker/Packer
FDX-49,FedEx,4.0,"Former Employee, more than 1 year",Good benefits,I enjoyed the benefits especially health insurance as a part time employee,"All jobs have their problems and especially with a labor shortage, we were definitely overworked","Nov 2, 2021",Part Time Courier
FDX-50,FedEx,3.0,Current Employee,Ops manager salary,"Benefits, Pay, Leadership, Management, and Motivation","Employees, Night shift, and work process","Nov 16, 2021",Ops Manager
FDX-51,FedEx,3.0,"Former Employee, more than 3 years",Good place,Good place to work nice people,Bad management unorganized don’t know how to communicate,"Nov 17, 2021",Anonymous Employee
FDX-52,FedEx,5.0,Former Employee,Great place,I love this job it was so much fun,Not much bad to say about it,"Nov 1, 2021",Anonymous Employee
FDX-53,FedEx,2.0,"Current Employee, less than 1 year","Low pay, Long Hours, Zero Breaks","Current work here- the people are great and rarely is the damage of the package any of the handlers faults as more come damaged prior to us receiving them so take it for what it's worth. If you truly need a job that hires pretty much on the spot and you don't mind physical labor with no breaks for up to 8 hours (That's not to say you cannot sit or lean or use the restroom, etc but rather the pace never slows and you'll set everyone behind if you do). Referring back to the actual people behind the scenes- the management seems to try for pay increases during holidays but I'm too new to say it's everyday.","I'd point out that they do not pay enough and do not offer breaks at all- which is likely a grey area of the law as we're otherwise working a full-time shift but as ""part timers"". Most workers seem to last about 2 weeks as we're being underpaid and doing the work of 2-3 people with no breaks as aforementioned. I've seen two people walk out mid shift so far.

Anyways have a good day!","Nov 17, 2021",Package Handler
FDX-54,FedEx,2.0,Former Employee,None,401k vacation time holiday pay,Over worked and under payed,"Nov 15, 2021",Customer Service Representative (CSR)
FDX-55,FedEx,2.0,"Former Employee, more than 1 year",It’s ok,Time goes by fast sometimes,Everything else to be honest,"Nov 16, 2021",Package Handler
FDX-56,FedEx,4.0,Current Employee,Good pay and benefits,Good benefits and decent pay,Management can be messy at times,"Nov 1, 2021",Package Handler
FDX-57,FedEx,5.0,Current Employee,Please choose an answer quickly,Love for work at home,Doesn’t like for work to muchb,"Oct 30, 2021",Clerk
FDX-58,FedEx,3.0,"Current Employee, more than 3 years",Good,FedEx offered good health insurance and 401k,Poor management and lack of collaborative teamwork,"Nov 12, 2021",Payroll Administrator
FDX-59,FedEx,5.0,"Current Employee, more than 1 year",Great place,"Good benefits, great location and diversified workforce.",Fast paced and fluid work environment,"Oct 28, 2021",Executive Assistant
FDX-60,FedEx,4.0,Current Employee,I don’t know what to put in this spot,Paid break and free gifts and items,Mandatory overtime from time to time,"Oct 29, 2021",Forklift Operator
FDX-61,FedEx,4.0,Current Employee,Great company to work,"People friendly, Diverse and inclusive, great benefit, good work life balance","Conservative, risk averse in decision making, progression and promotion opportunities for middle management very selective","Oct 27, 2021",Manager
FDX-62,FedEx,5.0,Current Employee,Great job,"Wonderful coworkers and manager, they take care of their employees and make them feel appreciated.",Pay is a little too low for my expenses,"Oct 26, 2021",Material Handler
FDX-63,FedEx,4.0,"Former Employee, less than 1 year",Ops Sup,"Good people, good benefits, physical work. I was on the unload side so just pulling stuff out of the trucks as fast as possible to be sorted.",Usual operational stuff. Rarely a true 8hr day due to snags like the conveyor jamming or one of the sides running behind.,"Oct 26, 2021",Ops Supervisor
FDX-64,FedEx,4.0,Current Employee,good company,"good opportunities, diverse, growth and people oriented","Not many, no issues, complex business","Oct 26, 2021",Business Manager
FDX-65,FedEx,3.0,"Current Employee, less than 1 year",Great way to start as a entry job,remote work due to covid and benefits were great,pay could be better considering amount fo work needed to perform,"Nov 9, 2021",Customs Trade Coordinator
FDX-66,FedEx,5.0,"Former Employee, more than 1 year",Great Company,Good pay and company culture. The benefits are very good as well.,Can be demanding and disorganized at times,"Oct 21, 2021",Software Developer I
FDX-67,FedEx,5.0,Current Employee,Good company,Very good company to work for,I have nothing bad to say about the company,"Oct 24, 2021",Courier
FDX-68,FedEx,2.0,"Former Employee, more than 3 years",Underpay Senior Employees,Great coworkers and lots of overtime,"-Stress
-Currently they're paying new hires at same rate or more than the experienced employees. I was training new hires for the position under mine and they were paid the same amount I was getting. No reason to stay at that point.","Nov 8, 2021",Lead Consultant
FDX-69,FedEx,2.0,"Former Employee, more than 1 year",Work is Good,"Hours, plenty of hours given","Politics, everyone is angling to move up.","Nov 6, 2021",Supervisor
FDX-70,FedEx,3.0,Current Employee,"Good Benefits, Poor salary",Your benefits are good and not too expensive,the company does not give regular raises or any additional bonuses. Also stingy with overtime,"Nov 5, 2021",Customer Service Agent
FDX-71,FedEx,4.0,"Former Employee, more than 8 years",Nice but not too competant,nice with good pay fo it,a lot of running around,"Oct 21, 2021",Computer Systems Analyst
FDX-72,FedEx,4.0,"Former Employee, more than 1 year",Learn Hard Work,"Meet people
Good pay and benefits
Learn work ethic","Long hours
Hard to get promotion","Oct 21, 2021",Parcel Handler
FDX-73,FedEx,3.0,"Former Employee, less than 1 year",Package handler,Good pay and hard work.,Random overtimes and management could need worked on.,"Nov 4, 2021",Package Handler
FDX-74,FedEx,5.0,Current Employee,Good company,It’s alright I guess. Benefits are great,Not a lot of growth in the company.,"Oct 20, 2021",Senior Revenue Science Analyst
FDX-75,FedEx,5.0,Current Employee,Amazing,They do help you out alot,They really dont have nocons to me,"Oct 20, 2021",Delivery Driver
FDX-76,FedEx,5.0,"Former Employee, more than 1 year",Import supervisors,Good company lots of work so time passes quickly,Company is very big so you’re a number,"Oct 21, 2021",Ocean Import Supervisor
FDX-77,FedEx,5.0,"Current Employee, more than 3 years",.,I don't get recognized for a lot,The benefits are good at FedEx,"Oct 21, 2021",Customs Brokerage Specialist
FDX-78,FedEx,5.0,Current Employee,Best company to work for,Great pay and benefits too,None that I can think of,"Oct 21, 2021",Diesel Technician
FDX-79,FedEx,2.0,"Former Employee, less than 1 year",Job,Good benifits decent hours low,Bad environment bad management chaotic,"Nov 4, 2021",Package Hander
FDX-80,FedEx,3.0,"Current Employee, less than 1 year",It's a job to build experience,"●Ability to work from home
●Managers are cool
●Great Hours
●Best thing about FedEx is they have a deal with Memphis U where you.can go to college for free. I'm currently going for MBA for free.","●low pay
●hard to move up
●Non-union","Nov 3, 2021",Customs Trade Specialist
FDX-81,FedEx,4.0,"Former Employee, more than 10 years","Great, but tough","Good people, commitment to opportunity","Very political, especially at management level","Oct 19, 2021",Manager
FDX-82,FedEx,3.0,"Former Employee, less than 1 year",Management,There was opportunity to learn,Everything else was terrible there,"Nov 2, 2021",Anonymous Employee
FDX-83,FedEx,3.0,Former Employee,Warehouse Worker,The company provides decent money,The working conditions aren't great.,"Nov 2, 2021",Anonymous Employee
FDX-84,FedEx,4.0,"Current Employee, more than 1 year",You can make money if willing to work,"Good Benefits medical, dental, vision
Crazy overtime
Tuition reimbursement
Friendly workers
Transfer any state","Long hours
You have to work on cold and heat
No bonus
Trucks are dirty
equipment sometimes fail","Oct 19, 2021",Courier
FDX-85,FedEx,4.0,Former Employee,Good work good pay,Good exercise and good pay,None that I can think of,"Oct 17, 2021",Anonymous Employee
FDX-86,FedEx,4.0,"Current Employee, less than 1 year","Good job,  not my thing","Good pay, good management, good benefits","Staring at a computer all day, same task over and over","Oct 17, 2021",Claims Processor
FDX-87,FedEx,4.0,Former Employee,Fedex,"The employees.
The benefits and flexibility","Dealing with customers and upper management 
Complicated projects.","Oct 17, 2021",Anonymous Employee
FDX-88,FedEx,5.0,Current Employee,Pay,Driving during the winter months,Pay could have been better,"Oct 15, 2021",Courier
FDX-89,FedEx,3.0,Current Employee,20 hours,Can work morning or night shift depending on your own schedule so you could have another job if needed,Only a 20 hour a week job max,"Oct 29, 2021",Warehouse Package Handler
FDX-90,FedEx,2.0,"Current Employee, less than 1 year",Fedex is a grueling Job that nobody deserves to have.,"Nothing much, you work every single day whether or not you signed up for part time or full time. You will be fired if you disobey.",The managers are promoted through the most self helping system that keeps workers at package handler levels intentionally.,"Oct 29, 2021",Package Handler
FDX-91,FedEx,4.0,Former Employee,Great Experience,Teach you a lot about information technology field,Unorganized at times but I suppose that is part of the field,"Oct 14, 2021",Intern
FDX-92,FedEx,4.0,Former Employee,FedEx Review,"good pay
weekly pay
OT virtually always available","long hours
stressful and work
Heavy lifting","Oct 14, 2021",Warehouse Associate
FDX-93,FedEx,5.0,Former Employee,great company,flexibility and hours pay rate,i did not have any,"Oct 13, 2021",Quality Assurance Analyst
FDX-94,FedEx,1.0,"Current Employee, more than 5 years",Takes 6-7 years to get full time as  RTD class A semi truck driver,"affordable insurance but as part timer you get less money/hours (20-25 hrs a week) yet have to pay same amount as FTer's and get only half the benefits full timers get, vacation/holiday etc. is 4 hrs pay instead of FTer's 8 hrs pay, 401k deductions are small so FX match is small too. This will help a little if you plan on living only 2 yrs after you retire!","*Have to sign 18 month commit letter for position, can't transfer anywhere.

*Have to work the sort a full year before applying to any RTD driver position and after you get a hernia lifting that 140lb BBQ grill you won't want to work here anymore, not even in RTD.

*Seniority system allows inexperienced new RTD drivers to be promoted over experienced proven long term drivers by seniority which is unsafe, hence all the accidents by newbies. seniority doesn't trump experience when driving a 80,000lb 53 ft semi truck but in this critical position they choose to be unsafe.

*OT sign up is by seniority and rotated so your selected once every 4-5 weeks for additional 4-5 hrs of OT.

*Part timers only get half the pay/ benefits as FTer's yet have to pay same amount for insurance and if you want additional coverage ADD+life etc. plan on losing a full paycheck per month to pay your insurance.

* If you have a family, a spouse, mortgage/rent/bills to pay stay away from FedEx Express, 20-25 hrs a week get you nowhere in the real world and when your kids say after church ""daddy can we eat out today"" the only place you can go is to McDonald's for a $1 spicy chicken sandwich cuz you'll be broke after you pay the rent/bills.

*wage freezes during economic hard times, last one lasted 5 years no raises for anyone! @2009-@2014

* If you want to drive trucks this is not the place to be, the astronomical turn over here should be a clear sign not to even think about FedEx Express, I was here for years so if I can help someone else avoid wasted years and no reward for hard work, good.","Nov 18, 2021",Truck Driver
FDX-95,FedEx,4.0,"Former Employee, more than 3 years",Material handler,Gain great experience in a warehouse setting,The pay is not great for what you have to do,"Oct 13, 2021",Material Handler
FDX-96,FedEx,4.0,"Current Employee, less than 1 year",Great salary and opportunity for advancement,Competitive salary and the people are awesome. Work from home allowed but they also have really nice campuses with benefits available such as cafeteria and gym. Reasonable dental and vision. 401k and stock options also available,"Very disappointed at FedEx's health plan options. I expected more reasonable premiums and coverage options considering fedex is such a big, well known organization. HRA and HSA accounts are available; however The plans are not so great. Premiums are high especially for plan options to be either HSA or Coinsurance (no copays) where employees are required to pay 20-30% plus deductible for going to the doctor for anything other than preventative.","Oct 14, 2021",VP-Admin
FDX-97,FedEx,4.0,"Current Employee, more than 10 years",Transportation Logistics,FedEx has been instrumental in delivering the vaccines to fight Covid-19 around the world.,"The Company has many opportunities to improve its diversity, inclusion and equity practices. It has for years talked a good talk and some people have benefited; however, there's so much mileage left to be covered.","Oct 14, 2021",Senior Supply Chain Program Manager
FDX-98,FedEx,4.0,Current Employee,Great job,They have great pay and great hours,They get very busy at the beginning Of the week,"Oct 14, 2021",Package Handler
FDX-99,FedEx,3.0,"Former Employee, more than 10 years",Software Engineer,"Benefits, hours, and company stability",Changing job roles requiring full stack developer skills or forced out. Less people focus with remote work environment.,"Oct 27, 2021",Anonymous Employee
FDX-100,FedEx,5.0,"Former Employee, more than 8 years",Great job,Great job face to face with customers,standing a lot and hours are long,"Oct 12, 2021",Customer Service Agent
FDX-101,FedEx,2.0,Current Employee,accountant,growing company and great business,get rid of high paying employee,"Oct 27, 2021",shared accountant
FDX-102,FedEx,4.0,"Current Employee, more than 1 year",Easy work,Simple and fast work. Just under hot conditions.,"Hot in the trucks, hard getting through first few weeks.","Oct 12, 2021",Package Handler
FDX-103,FedEx,3.0,"Current Employee, more than 8 years",Good company,Good people big company with a lot of opportunities,Slow sometimes disjointed priorities and strategy,"Oct 26, 2021",Anonymous Employee
FDX-104,FedEx,5.0,Current Employee,Decent work-life balance,Positive work environment and good work-life balance,Salaries aren't great but you get recognition if you do good work.,"Oct 11, 2021",Business Product Analyst
FDX-105,FedEx,5.0,"Former Employee, less than 1 year",Full time necessity,Love to get a work out and keep a positive thought,Loud and sometimes over crowded,"Oct 12, 2021",Warehouse Worker
FDX-106,FedEx,4.0,"Current Employee, more than 5 years",FedEx,Good benefits for all positions,Lots of work and hours,"Oct 12, 2021",Account Executive
FDX-107,FedEx,5.0,Current Employee,Good,Proffesional and energetic company clean,Very good environment to work in,"Oct 11, 2021",Fedex Ground Package Handler
FDX-108,FedEx,5.0,Current Employee,Great Place to Work,The mangers really seem to care,Limited sick time for the year,"Oct 8, 2021",Claims Agent
FDX-109,FedEx,5.0,"Current Employee, more than 1 year",Great starter job for manager.,Very good with communication. Easy to work with.,Heavy work days. Peak season can be tough.,"Oct 9, 2021",Ground Manager
FDX-110,FedEx,5.0,Former Employee,Fitness,"Simple job, and very easy","Hours, not enough staff, no breaks for part-timers","Oct 4, 2021",Package Handler
FDX-111,FedEx,5.0,"Current Employee, more than 3 years",Fed Ex Trade,"Good Place to work, very nice",Nothing bad to say I enjoyed it,"Oct 7, 2021",Sales Coordinator
FDX-112,FedEx,2.0,"Former Employee, more than 1 year",Terrible,The only good part is the Benefits,Terrible you don’t get promoted if you don’t kiss someone a**Very unfair payment. Terrible schedule. Some managers act like the own Fedex and treat you like a modern slave. HR don’t even call you for a exit interview.,"Oct 23, 2021",Anonymous Employee
FDX-113,FedEx,4.0,"Former Employee, less than 1 year",great,great place to work for students,downside small breaks for employees,"Oct 8, 2021",Anonymous Employee
FDX-114,FedEx,3.0,"Former Employee, more than 3 years",It. was ok... you can. do better,It was ok. Nothing spectacular but the work was fun.,Pay was not good. Only give out 3% raises. Won't give you more $ if someone at your same rate is being paid less even even if you do 50% more work.,"Oct 20, 2021",Anonymous Employee
FDX-115,FedEx,3.0,"Former Employee, more than 10 years",Good Benefits,Positive Company Image and good benefits,Limited Mobility and Poor Bonus Structure,"Oct 20, 2021",Account Executive
FDX-116,FedEx,3.0,"Former Employee, more than 1 year",associate,when i worked in fedex they had good insurance,they never gave me set schedule,"Oct 20, 2021",Associate
FDX-117,FedEx,5.0,"Former Employee, more than 3 years",Awesome,Good pay and awesome people,Need full time hours for all,"Oct 5, 2021",Manager
FDX-118,FedEx,5.0,"Current Employee, less than 1 year",driving,fast paced and quick days,long shifts but go quick,"Oct 5, 2021",Delivery Driver
FDX-119,FedEx,4.0,"Former Employee, less than 1 year",Great company,"Awesome team
great and helpful environment
super supportive of each other","The office is dated and old
Location isn't that great","Oct 5, 2021",Junior EDI Analyst
FDX-120,FedEx,3.0,Current Employee,package handle,the pro is really just benefits,environment and its hard to go up in the company,"Oct 19, 2021",Package Handler
FDX-121,FedEx,3.0,Former Employee,It’s okay,Co-workers are the best part,Low pay. Inconsistent hours. No advancements.,"Oct 19, 2021",Anonymous Employee
FDX-122,FedEx,2.0,"Current Employee, less than 1 year",Warehouse,For flexibility and to choose my own hours.,You have to do your best.,"Oct 20, 2021",Package Handler
FDX-123,FedEx,3.0,Current Employee,Ok,Flexible hours good pay and hours,No advancement opportunities available ok,"Oct 19, 2021",Package Handler
FDX-124,FedEx,5.0,"Current Employee, less than 1 year",Just trying to get some knowledge on DG agent.,"Opportunities, great careers, great place to work and you can come up fast if you want to and work hard.",Don’t have anything bad to say,"Oct 4, 2021",Material Handler
FDX-125,FedEx,2.0,"Former Employee, less than 1 year",N/a,Deliver packages to. Customer house,Deliver in the bad whether,"Oct 18, 2021",Anonymous Employee
FDX-126,FedEx,3.0,Current Employee,.,Great company to work for.,Dealing with operational failures on a fairly regular basis and lack of support from other departments,"Oct 17, 2021",International Sales Executive
FDX-127,FedEx,4.0,"Current Employee, more than 3 years",handler,flexible hours and good benefits,you’re overworked sometimes and unreliable management,"Oct 1, 2021",Package Handler
FDX-128,FedEx,5.0,"Current Employee, less than 1 year",great,Great great great great great,none zero zip nil nadda,"Sep 30, 2021",Delivery Driver
FDX-129,FedEx,3.0,"Former Employee, less than 1 year",Hard Work,Great way to stay in shape,Very exhausting and no breaks,"Oct 14, 2021",Part Time Package Handler
FDX-130,FedEx,3.0,Former Employee,Hours,"Lenient management, laid back, flexibility in hours.","Different shift, better or worse hours. Load volume based company with hardly any volume","Oct 15, 2021",Package Handler
FDX-131,FedEx,5.0,Current Employee,Busy money,"Many hours, move up and great pay if you stay long.","Physical work, weather attributes to daily assignments, work changes day to day","Sep 29, 2021",Truck Driver
FDX-132,FedEx,5.0,Current Employee,Great company!,"People, Service = Profits. Great culture, environment",It's still a corporate environment,"Sep 29, 2021",Technical Director
FDX-133,FedEx,5.0,Former Employee,Very good starting job,Very good starting job for everyone,A lot of labor working here,"Sep 29, 2021",Warehouse Associate
FDX-134,FedEx,4.0,Former Employee,FedEx,Good company to work for.,Short hours sometimes not ideal.,"Sep 29, 2021",Currently Unemployed And Seeking Work
FDX-135,FedEx,4.0,"Current Employee, less than 1 year",Trainer,"Easy work, good schedule and good managers","Shifts run overtime, full time is more hours then expected.","Sep 29, 2021",Package Handler
FDX-136,FedEx,4.0,Current Employee,Good job,Good job and fun people,Do not have anything bad,"Sep 29, 2021",Team Member
FDX-137,FedEx,4.0,"Former Employee, more than 1 year",I learned ALOT,It was a good work environment. They really tried to work within your personal life. They gave so much training. I learned a lot more about server technology than I expected.,They should have given the management some people/soft skills training for working with employees,"Sep 29, 2021",Technical Support Engineer
FDX-138,FedEx,3.0,"Current Employee, more than 5 years",Great Culture,This is a great place to work.,They are not going to pay you what you are worth.,"Oct 12, 2021",Software Engineer
FDX-139,FedEx,5.0,"Current Employee, less than 1 year",Delivering packages,A lot of over time .,There is no opportunities to move up,"Sep 28, 2021",Delivery Driver
FDX-140,FedEx,2.0,"Former Employee, more than 5 years",review,"benefits, 401k match, vacation days, and work life balance",no good pay and not able to move up,"Oct 13, 2021",Administrative Assistant
FDX-141,FedEx,2.0,Current Employee,fedex,benefits are great also flight benefits,pay rate and raises are not great,"Oct 13, 2021",Customer Service Representative
FDX-142,FedEx,4.0,Current Employee,FedEx Logistics is a great place to work!,FedEx culture overall makes for a great place to work.,Tendency to overwork individuals who are star performers,"Sep 28, 2021",Senior Manager Sales Operations
FDX-143,FedEx,3.0,"Current Employee, more than 1 year",Package Handler,"Upward mobility ,abllity to increase pay",Incompetent Manangement and unclear instructions,"Oct 12, 2021",Package Handler
FDX-144,FedEx,5.0,"Current Employee, less than 1 year",Hired,Quick hiring process to get on,Far drive to get to work,"Sep 28, 2021",Anonymous Employee
FDX-145,FedEx,2.0,Former Employee,It’s okay,Works with schedule all the time,"Work you to the ground, managers are clueless","Oct 12, 2021",Sorter
FDX-146,FedEx,4.0,"Current Employee, more than 1 year",Salary,"Essential worker. Steady paycheck, esp while many others lost their jobs during covid.",Job pay comes with its cons as does anywhere.,"Sep 28, 2021",Ops Manager
FDX-147,FedEx,3.0,Former Employee,It’s okay,Great money if you don’t have a degree,"Very stressful, they cut benefits","Oct 12, 2021",Courier/Swing Driver
FDX-148,FedEx,3.0,"Former Employee, less than 1 year",Fedex,You get paid for delivers,Bad management and no value for human life,"Oct 10, 2021",Courier
FDX-149,FedEx,5.0,"Current Employee, less than 1 year",Excellent,"Salaries Benefits, Promotions College Tuition",Location Location Location Location Location,"Sep 25, 2021",Anonymous Employee
FDX-150,FedEx,4.0,"Current Employee, more than 8 years",FedEx,"great pay, benefits, not a hard job, mostly solo","can be stressful, can have long hours, can be doing multiple jobs","Sep 26, 2021",Courier
FDX-151,FedEx,3.0,Current Employee,Lots of OT,Benefits are very good. Time off is good,Has to work lots of OT,"Oct 9, 2021",Anonymous Employee
FDX-152,FedEx,3.0,Current Employee,Nice place to work,You can work out while there,Short staffed and not enough managers,"Oct 9, 2021",Anonymous Employee
FDX-153,FedEx,4.0,"Current Employee, more than 3 years",Good,Great place to work and grow,Lots of hours busy work life,"Sep 24, 2021",Anonymous Employee
FDX-154,FedEx,2.0,Current Employee,Bad,"Nothing good, over work and a lot of bad personal","Short personal staff, bad management","Oct 8, 2021",Anonymous Employee
FDX-155,FedEx,5.0,Current Employee,Can't ask for more,"Flexible work-from-home
Campus is clean, with lots of natural light and work spaces
LOTS of room to grow
Managers offer great guidance
Tuition reimbursement 
Great 401k matching 
Discount on fedex products (shipping, etc)
Diverse workforce
Accepting of people from non-traditional backgrounds (i.e. no degree, non-tech degree, etc)
Free Parking onsite","If you are coming from FAANG, you may have to take a paycut. But most people aren't, so it's a bit of a moot point","Sep 22, 2021",Associate Systems Administrator
FDX-156,FedEx,4.0,Former Employee,"Great Company, Great People","People are great, very great. Lots of room for growth.",Long hours can be tough at times.,"Sep 21, 2021",Deliverer
FDX-157,FedEx,4.0,"Former Employee, less than 1 year",Great Part-Time Job,"Work-Life Balance
Solid Management when I was there",Short Hours if not full time,"Sep 21, 2021",Part Time Package Handler
FDX-158,FedEx,3.0,Former Employee,Hello!,The Insurance is the best.,The Hours could be better,"Oct 5, 2021",Anonymous Employee
FDX-159,FedEx,5.0,"Current Employee, more than 5 years",Great Company to work with,Its great company to work with. Great working culture.,Nothing as of now currently,"Sep 21, 2021",Account Manager
FDX-160,FedEx,1.0,"Current Employee, less than 1 year",Fedex,The pay was good I guess,Being around people that don't like to see people win,"Oct 26, 2021",FedEx Package Handler
FDX-161,FedEx,2.0,"Current Employee, more than 10 years",Review,The Coworkers are very nice.,No real understanding of how to reach or control goal numbers.,"Oct 5, 2021",Sales Account Executive
FDX-162,FedEx,2.0,"Former Employee, more than 1 year",It can be fun,Sometimes the days are chill,Sometimes the days are hectic,"Oct 5, 2021",Delivery Driver
FDX-163,FedEx,4.0,"Former Employee, more than 1 year",Great company,Great place to work that invests a lot into individual growth.,Not very welcoming to outside hires that weren't promoted from within the company.,"Sep 20, 2021",Manager Information Security
FDX-164,FedEx,5.0,"Former Employee, less than 1 year",Transported Freight,The company cares about their employees.,No cons to this job.,"Sep 20, 2021",Outbound Freight Handler
FDX-165,FedEx,2.0,"Current Employee, more than 5 years",Good for young adults,"Schedule, area, freedom, flexibility, salary","Pay, no benefits, un sanitary","Oct 4, 2021",Delivery Driver
FDX-166,FedEx,4.0,"Current Employee, more than 1 year",Good.,I enjoyed working at fedex.,There is risk of potential injury.,"Sep 18, 2021",Package Handler
FDX-167,FedEx,3.0,"Current Employee, more than 1 year",Great is you enjoy manual labor,"flexibility during the work day
being outside
good holiday benefits
get to choose your own pace of work","long days
busy holiday season
have to work during extreme weather","Oct 1, 2021",Delivery Driver
FDX-168,FedEx,3.0,"Current Employee, more than 10 years",Nice place for the most part,Fun and challenging work for most part,"Poor leadership. The older leaders were great, newer ones seemed to be promoted on who you know. Not people first although they say it constantly.","Oct 2, 2021",Sales Enablement Specialist
FDX-169,FedEx,5.0,Current Employee,Corporate,its great. couldnt be happier,"Management can be a drag, but thats every job.","Sep 16, 2021",Warehouse Associate
FDX-170,FedEx,5.0,"Former Employee, less than 1 year",Great Company to work for,I have had my fair share of places to work and Fedex was the best. I left everyday stress free and enjoyed coming in each day,"I was a supervisor, so the ""bad apple"" employees were the worst part of the job.","Sep 12, 2021",Operations Manager
FDX-171,FedEx,3.0,"Former Employee, more than 3 years",Good experience,Good experience over all working there.,Nothing negative to say about it,"Sep 30, 2021",Programmer Analyst
FDX-172,FedEx,5.0,Current Employee,Good,"Great pay , friendly coworkers , good money",Nothing I loved it very much,"Sep 16, 2021",Material Handler
FDX-173,FedEx,5.0,Former Employee,Fedex experience,I like the option of having short hours.,Had to catch a bus to get to the building,"Sep 16, 2021",Anonymous Employee
FDX-174,FedEx,2.0,"Former Employee, less than 1 year",Hard Work,Great workout. lots of fitness.,underappreciated. underpaid. they did not care for us one bit. The management was garbage.,"Oct 1, 2021",Package Handler
FDX-175,FedEx,3.0,Current Employee,okay i guess for those who want to start working,"Team, co workers, some supervisors","stressful job, favoritism, not enough pay","Sep 29, 2021",Customer Service Representative
FDX-176,FedEx,5.0,"Former Employee, less than 1 year",Good Gig,Good Pay for good work.,Early mornings and inconsistent schedule.,"Sep 14, 2021",Material Handler/Forklift Operator
FDX-177,FedEx,5.0,"Current Employee, more than 10 years",lots of authority and responsiblity,everyone knows and loves fedex. we take care of our customers,"lots of work, its the fedex way or the highway","Sep 14, 2021",Worldwide Account Manager
FDX-178,FedEx,5.0,Current Employee,all good,All Good best excellent productive,no cons better professional brilliant,"Sep 14, 2021",IT Project Manager
FDX-179,FedEx,5.0,"Former Employee, more than 1 year",nice job,good pay flexible schedule no weekends,"sunday work , sometimes slow work , managers don’t care about you","Sep 15, 2021",Package Handler
FDX-180,FedEx,1.0,"Former Employee, more than 1 year",Terrible experience,"Decent pay
Work Life balance
401K
No steel toe shoes
Close to Atlanta","Benefits
Culture
Development of Employees
Blatant ignorance of site management (GM)
No support from management outside of site","Oct 21, 2021",Quality Assurance
FDX-181,FedEx,2.0,Former Employee,Terrible work environment,"Pay is decent
Consistent work
Move-ability i.e transferring to other states","Terrible work environment 
Management is abusive 
Had to contact a lawyer to receive my last check","Sep 29, 2021",Forklift Operator
FDX-182,FedEx,3.0,Current Employee,it’s okay,-pretty chill place to work,-it’s a lot of physical labor,"Sep 29, 2021",Anonymous Employee
FDX-183,FedEx,2.0,Current Employee,Oh no,No pros anymore at all,Everything from salary to moving up to diversity,"Sep 28, 2021",Anonymous Employee
FDX-184,FedEx,4.0,"Current Employee, more than 10 years",FedEx,Great company to work for.,Need better work life balance.,"Sep 13, 2021",Technical Advisor
FDX-185,FedEx,3.0,"Current Employee, more than 1 year","Very easy job, pay isn't the greatest though.",Somewhat flexible schedule. A good amount of sick/Vaca time. Ok benefits.,Pay isn't the greatest but it was ok for the work.,"Sep 27, 2021",Anonymous Employee
FDX-186,FedEx,4.0,Current Employee,Good Company,FedEx is a fortune 500 company. One of the best companies as the workplace.,Sometimes it may not be very quick to get something done because you need to communicate with many teams.,"Sep 9, 2021",Senior Software Engineer
FDX-187,FedEx,5.0,"Former Employee, less than 1 year",best company ever,grate work conditions and helpful management,the working hours are longer than you could ever think,"Sep 12, 2021",Fedex Courier
FDX-188,FedEx,2.0,Former Employee,Work,It’s weekly pay. Constant work,The work load and pay don’t add up,"Sep 27, 2021",Anonymous Employee
FDX-189,FedEx,3.0,"Former Employee, more than 8 years",Easy Job But No Growth,The life was pretty relax there. You can have lots of spare time to do whatever you like.,The technology is out of date and very few grow opportunity.,"Sep 25, 2021",Senior Programmer Analyst
FDX-190,FedEx,5.0,"Current Employee, more than 3 years",sales,great company to work for,no concerns this is a great company,"Sep 11, 2021",Sales Representative
FDX-191,FedEx,5.0,"Current Employee, more than 3 years",.,Great company to work for .,No complaints as of now,"Sep 9, 2021",Digital Sales Executive
FDX-192,FedEx,5.0,Former Employee,Courier,Good pay and benefits plan,"Poor work life balance, very demanding on your body","Sep 10, 2021",FT Courier
FDX-193,FedEx,3.0,"Former Employee, more than 3 years",Hard company to work for,Pay and retirement play is above average,Hub managers are big issues and many don’t have a clue,"Sep 23, 2021",Express Courier
FDX-194,FedEx,5.0,"Current Employee, more than 10 years",good place to work,progressive pay at top of industry,may have to work different shifts,"Sep 9, 2021",Aircraft Mechanic
FDX-195,FedEx,1.0,"Former Employee, less than 1 year",Long Days,Work alone and at your own pace,"you will work mostly 10 hour days (that is 10 hours Driving non-stop, without bathroom or meal breaks). VERY LONG DAYS","Oct 14, 2021",Fedex Ground Delivery Driver
FDX-196,FedEx,4.0,"Former Employee, more than 3 years",Good,"Easy, just follow the gps","Low wages, traffic, finding places to park","Sep 9, 2021",Same Day City Courier
FDX-197,FedEx,3.0,"Current Employee, more than 1 year",Fedex,Benefits are slightly above average,Not enough support with projects,"Sep 21, 2021",Trainer
FDX-198,FedEx,3.0,"Former Employee, more than 10 years",It's time-sensitive logistics so....yeah,Decent Benefits and retirement plan,"Poor work-life balance 

Harsh work conditions","Sep 21, 2021",Operations Manager
FDX-199,FedEx,5.0,"Current Employee, more than 3 years",Easy,"Easy , quick money , paid every week , raises every 6 months",No cons at all in my opinion,"Sep 6, 2021",Package Handler
WF-0,Wells Fargo,5.0,"Current Employee, more than 1 year",Great place for work & culture,"Great management
Plenty of PTO
Tons of career advancement opportunities",Intense schedule sometimes due to turnover,"Nov 25, 2021",Treasury Management Sales Analyst
WF-1,Wells Fargo,4.0,"Current Employee, more than 3 years",Pros and some Cons,"Amazing Pay and Benefits, Great Accommodations for disabled, Strong military recruitment pathways, extremely charitable for social impact organizations and the community. Depending on team you get on Work Culture can be great.","Training has been non-existent for many of us, Computer Based Training covers big ticket items, but day to day duties is barely touched by direct managers or peers. Many learn as you go. Acronym Soup, and the language used means different things across different groups within the organization which causes confusion. Work Life balance can be breached because of Fire Drills and excess meetings. There are excess meetings with no breaks during the work day which means everyone on calls are doing work during meetings to meet deadlines and are half engaged in the calls.","Nov 25, 2021",Business Initiatives Consultant III
WF-2,Wells Fargo,5.0,Current Employee,good working environment,"Everyone is really friendly, work environment is great",can get a bit repetitive,"Nov 24, 2021",Sales Representative
WF-3,Wells Fargo,5.0,Former Employee,Great company,great pay great hours great benefits,unfortunately laid off due to lack of funds,"Nov 24, 2021",Compliance Manager
WF-4,Wells Fargo,5.0,Current Employee,Wells Fargo,Good work life balance- paid time off,"Too big , when you have an issue it can take days to fix","Nov 24, 2021",Recruiter
WF-5,Wells Fargo,5.0,"Former Employee, more than 3 years",Good Bank to work for,Customer Experience is the main priority,Hard to move up within the company,"Nov 24, 2021",Lead Teller/Supervisor
WF-6,Wells Fargo,4.0,Former Employee,good,working with a lot of different people,"easy to get fired, if you mess up.","Nov 24, 2021",Bank Teller
WF-7,Wells Fargo,4.0,Current Employee,Good Team,Great teammates to work with,Restrictions for trading of stocks and derivatives,"Nov 25, 2021",Anonymous Employee
WF-8,Wells Fargo,5.0,Former Employee,Teller Pay,"Fair Pay, Good Vacation, Room to Grow",Very busy all the time,"Nov 23, 2021",Teller
WF-9,Wells Fargo,5.0,"Former Employee, more than 1 year",good place to work,"Good environment, all employees are friendly.",have to meet Sales quotes,"Nov 23, 2021",Personal Banker
WF-10,Wells Fargo,5.0,"Current Employee, more than 1 year",Great place for work & culture,"Great management
Plenty of PTO
Tons of career advancement opportunities",Intense schedule sometimes due to turnover,"Nov 25, 2021",Treasury Management Sales Analyst
WF-11,Wells Fargo,4.0,"Current Employee, more than 3 years",Pros and some Cons,"Amazing Pay and Benefits, Great Accommodations for disabled, Strong military recruitment pathways, extremely charitable for social impact organizations and the community. Depending on team you get on Work Culture can be great.","Training has been non-existent for many of us, Computer Based Training covers big ticket items, but day to day duties is barely touched by direct managers or peers. Many learn as you go. Acronym Soup, and the language used means different things across different groups within the organization which causes confusion. Work Life balance can be breached because of Fire Drills and excess meetings. There are excess meetings with no breaks during the work day which means everyone on calls are doing work during meetings to meet deadlines and are half engaged in the calls.","Nov 25, 2021",Business Initiatives Consultant III
WF-12,Wells Fargo,5.0,Current Employee,good working environment,"Everyone is really friendly, work environment is great",can get a bit repetitive,"Nov 24, 2021",Sales Representative
WF-13,Wells Fargo,5.0,Former Employee,Great company,great pay great hours great benefits,unfortunately laid off due to lack of funds,"Nov 24, 2021",Compliance Manager
WF-14,Wells Fargo,5.0,Current Employee,Wells Fargo,Good work life balance- paid time off,"Too big , when you have an issue it can take days to fix","Nov 24, 2021",Recruiter
WF-15,Wells Fargo,5.0,"Former Employee, more than 3 years",Good Bank to work for,Customer Experience is the main priority,Hard to move up within the company,"Nov 24, 2021",Lead Teller/Supervisor
WF-16,Wells Fargo,4.0,Former Employee,good,working with a lot of different people,"easy to get fired, if you mess up.","Nov 24, 2021",Bank Teller
WF-17,Wells Fargo,4.0,Current Employee,Good Team,Great teammates to work with,Restrictions for trading of stocks and derivatives,"Nov 25, 2021",Anonymous Employee
WF-18,Wells Fargo,5.0,"Former Employee, more than 1 year",good place to work,"Good environment, all employees are friendly.",have to meet Sales quotes,"Nov 23, 2021",Personal Banker
WF-19,Wells Fargo,5.0,Current Employee,Working at Wellsfargo Auto,"Working at wells fargo auto was a positive experience in that the corporate setting makes it easy to complete your work and not have to feel like you have to do anything extra like take work outside of home. Many of the employees stay long term, as Wells Fargo Auto enjoys keeping qualified and experienced staff through promotion and retention practices.","Because I was a temporary employee, I had less pay than the other workers, which was okay; however, I would get extra benefits depending on what manager was in charge,","Nov 23, 2021",Customer Support Specialist
WF-20,Wells Fargo,5.0,Current Employee,Working at Wellsfargo Auto,"Working at wells fargo auto was a positive experience in that the corporate setting makes it easy to complete your work and not have to feel like you have to do anything extra like take work outside of home. Many of the employees stay long term, as Wells Fargo Auto enjoys keeping qualified and experienced staff through promotion and retention practices.","Because I was a temporary employee, I had less pay than the other workers, which was okay; however, I would get extra benefits depending on what manager was in charge,","Nov 23, 2021",Customer Support Specialist
WF-21,Wells Fargo,5.0,Former Employee,Teller review,Great Benefits offered to employees,Sales goals were stressful for me,"Nov 23, 2021",Teller
WF-22,Wells Fargo,5.0,Current Employee,Great team,Amazing team members in a supportive environment,"After 3½ years, no cons","Nov 24, 2021",Operational Risk Manager
WF-23,Wells Fargo,5.0,"Former Employee, more than 1 year",Great benefits,Great Benita with options for perks,All good nothing bad to say,"Nov 24, 2021",Lead Teller
WF-24,Wells Fargo,5.0,"Current Employee, more than 3 years",Good,Great team great work no stress,Possibility of errors in the work,"Nov 24, 2021",Loan Servicing Specialist
WF-25,Wells Fargo,5.0,Current Employee,Could be worse..,"Great benefits, reputable company for job stability, wonderful team, great support system",Performance expectations can be unrealistic.,"Nov 24, 2021",Anonymous Employee
WF-26,Wells Fargo,5.0,"Current Employee, more than 1 year",Awesome employer,Great benefits and pay with lots of upward and lateral mobility,Not many cons other than the buildings are empty due to covid,"Nov 22, 2021",Account Resolution Specialist II
WF-27,Wells Fargo,5.0,"Former Employee, more than 3 years",Great Experience,"Great training, experience, breadth of work and good support",Working hours are greater than 80 hrs/week on average,"Nov 22, 2021",Anonymous Employee
WF-28,Wells Fargo,5.0,"Current Employee, less than 1 year",New Employee,"Great benefits, nice performance bonus, nice team, fast paced, good onboarding",Lots of business changes to keep up with. Changing policies for RTO..,"Nov 22, 2021",Compliance Associate
WF-29,Wells Fargo,5.0,"Current Employee, more than 10 years",Overall Great company to work for,Always an opportunity to move up within the company. Managers will work with you to help further your career. Great benefits. Focus on work/life balance.,Wages could be a bit higher.,"Nov 23, 2021",Quality Monitor II
WF-30,Wells Fargo,4.0,Former Employee,Salary,"Have good opportunities,you can switch between departments","Management is not great,they will not show to oust you to the next level","Nov 23, 2021",Anonymous Employee
WF-31,Wells Fargo,5.0,"Former Employee, more than 5 years",Good place,Good benefits.No longer sales goals,Starting to do a lot of outbound calls,"Nov 21, 2021",Personal Banker
WF-32,Wells Fargo,4.0,Former Employee,Large organization with opportunities for advancement,"- Friendly culture
- Many different business areas, functions, teams
- Professional development","- Bureaucratic due to large size
- Little emphasis on teambuilding
- A lot of organizational change going on at all times","Nov 21, 2021",Anonymous Employee
WF-33,Wells Fargo,4.0,"Current Employee, more than 3 years",Good and Bad,Work / Life Balance is the best,Your just a number there,"Nov 21, 2021",Branch Manager
WF-34,Wells Fargo,4.0,"Current Employee, more than 3 years",Sustainable Company,Great benefits and ability to grow,Too many changes and little room for retention,"Nov 21, 2021",Business Banking Specialist
WF-35,Wells Fargo,4.0,Current Employee,Good,Great company to work for,No cons at all with this company,"Nov 21, 2021",Security Operations Specialist
WF-36,Wells Fargo,4.0,"Former Employee, more than 1 year",Good First Job,"PTO, Benefits, Upstream, Training, Options, Support","Layoffs
Busy
Stressful
Bonus Based On Survey Questions That You Cannot Always Influence","Nov 22, 2021",Anonymous Employee
WF-37,Wells Fargo,5.0,"Former Employee, less than 1 year",Decent Place. Long hours at times,"Nothing special, but could be worse",None that I can think of.,"Nov 20, 2021",Finance Manager
WF-38,Wells Fargo,4.0,Current Employee,Great place to be,Generous salary good benefits great people,Too many process step changes implemented. No training for systems. Need to review their training model.,"Nov 20, 2021",Home Preservation Specialist
WF-39,Wells Fargo,5.0,"Current Employee, more than 8 years",Great Company,Great benefits and the managers are approachable. They care about your career projection within the company.,"No cons. It's a job, that can become a career if you take skill building seriously, all is possible at the Wells.","Nov 19, 2021",Quality Assurance Analyst
WF-40,Wells Fargo,5.0,Current Employee,fast,the process was easy and fast,I dont have any cons,"Nov 19, 2021",Programmer Analyst
WF-41,Wells Fargo,5.0,"Current Employee, less than 1 year",awesome!,"Amazing team, Great benefits, good pay, flexible",so complaints in my experience so far!,"Nov 19, 2021",Tech Ops Analyst
WF-42,Wells Fargo,5.0,Former Employee,Good company,Pleasant work place and people,Long work hours and weekends,"Nov 20, 2021",VPHR
WF-43,Wells Fargo,4.0,Former Employee,Wells Fargo,Great people to work with.,Contract jobs don't pay very much.,"Nov 19, 2021",Technical Writer
WF-44,Wells Fargo,5.0,"Former Employee, more than 5 years",Great work/life balance,Work/life balance was excellent. Corporate culture is mostly positive.,"Too many manual processes, insufficient technology to complete repetitive tasks.","Nov 18, 2021",Audit Manager
WF-45,Wells Fargo,5.0,"Current Employee, more than 8 years",Great place to work!,Great place to work as they offer awesome training and coaching opportunities.,Work can be demanding and stressful at times.,"Nov 19, 2021",Anonymous Employee
WF-46,Wells Fargo,5.0,Current Employee,Its just great working here,Beneits! They are simply excellent,I believe they have lower wages than some of their competitors.,"Nov 19, 2021",Personal Banker
WF-47,Wells Fargo,5.0,Current Employee,Great financial organization,I only wish outsiders would know about the amazing diverse talented people who are dedicated to their jobs and serving their local communities. Don't let the media paint a negative view of this bank since all companies have a few rotten apples. There is not a perfect company. 99% of employees are great performers who take ownership and pride.,"I've been with this financial institution, ""on the Stagecoach"" for 20+ years. It's been a great career and nothing comes to mind from a negative perspective. All my experiences have been positively rewarding.","Nov 19, 2021",Business Initiatives Consultant
WF-48,Wells Fargo,5.0,"Current Employee, more than 1 year",Great benefits,Benefits are great other then good management,Schedule can change any time,"Nov 14, 2021",Fraud and Claims Ops Specialist
WF-49,Wells Fargo,4.0,"Current Employee, more than 1 year",It's Fine,Paid holidays and normal hours,low pay compared to competitors,"Nov 18, 2021",Bank Teller
WF-50,Wells Fargo,5.0,Current Employee,great job,"easy training 
Fun environment
work from home","Managers unorganized
Micromanage time
benefits are okay","Nov 18, 2021",Customer Service Representative
WF-51,Wells Fargo,5.0,Current Employee,Great benifits,Great health insurance and leave,Tons of last minute changes with no prep,"Nov 18, 2021",Anonymous Employee
WF-52,Wells Fargo,4.0,"Current Employee, more than 3 years",great place for work,work culture is good and seniors are helpful,salary is not as good as other banks,"Nov 17, 2021",Anonymous Employee
WF-53,Wells Fargo,4.0,"Former Employee, more than 5 years",Good people,Good people to work with in the call center.,Can be a stressful place to work.,"Nov 17, 2021",Customer Account Specialist
WF-54,Wells Fargo,4.0,Former Employee,Salary,Leading a team but with manager help.,Sometimes too many responsibilities put onto you.,"Nov 17, 2021",Lead Teller
WF-55,Wells Fargo,4.0,"Current Employee, more than 5 years",Overall good,"Great benefits, time off, and 401k match",Company going through major organizational transition which has caused some problems. Base pay recently increased for all unskilled roles but not adjusted for more specialized roles so unskilled workers make almost as much as skilled.,"Nov 18, 2021",Relationship Banker
WF-56,Wells Fargo,4.0,"Former Employee, less than 1 year",Fair,Great staff that acknowledges effort.,Not much potential for upward growth.,"Nov 18, 2021",Bank Teller
WF-57,Wells Fargo,4.0,"Former Employee, more than 10 years",Good company,Good benefits. Treats employees fairly. Great growth from within opportunities.,Past scandals and industry reputation.,"Nov 18, 2021",Relationship Manager
WF-58,Wells Fargo,4.0,Current Employee,Good Company,Pay advancements team members bonuses,Closing branches and short staff,"Nov 18, 2021",Personal Banker I
WF-59,Wells Fargo,4.0,"Current Employee, more than 3 years",Good company,"Pay, employees, pto and flexible","Work on weekends, upset customers","Nov 18, 2021",Bank Teller
WF-60,Wells Fargo,5.0,Former Employee,Great work space,Great work environment motivated team,Low pay not much compensation for goals,"Nov 16, 2021",Personal Banker
WF-61,Wells Fargo,5.0,Current Employee,Great Company,"Insurance, growth, support, pay rate",Organizational changes could be structured better.,"Nov 17, 2021",IFS Associate II
WF-62,Wells Fargo,5.0,"Former Employee, more than 10 years",Great company,"Flexible, leadership, work life balance",usual stresses of working in this industry,"Nov 17, 2021",SVP-Commercial Lender
WF-63,Wells Fargo,4.0,Current Employee,Great company to gain experience,"They will hire without banking experience 
Provide training, resources, and tools
Good vacation and holiday time",…… …. …:. … ….,"Nov 16, 2021",Business Specialist
WF-64,Wells Fargo,4.0,Former Employee,Great Company,Great pay and benefits. Generally good company culture.,"Wells Fargo is a large, slow-moving company.","Nov 16, 2021",Vice President
WF-65,Wells Fargo,4.0,"Former Employee, more than 1 year",Nice place to start career,"Great work Community 
Good Pay
Great managers 
18 PTO days","Difficult customers 
Workload can be heavy","Nov 16, 2021",Research and Remediation Analyst
WF-66,Wells Fargo,4.0,"Current Employee, more than 5 years",Wells,There is competitive pay and flexibility.,Some of the leaders in groups need more training on being transparent.,"Nov 17, 2021",Financial Crimes Associate
WF-67,Wells Fargo,4.0,"Former Employee, more than 3 years",Good but could be better.,"Training and development is great, team morale is important to the company, very diverse.","Micromanaging from leadership, Sales goals that are disguised as something else,","Nov 17, 2021",Service Manager
WF-68,Wells Fargo,5.0,Current Employee,Excellent,"Great experience, incredible position. Thank you.",Promotion is difficult. Thank you.,"Nov 15, 2021",Vice President
WF-69,Wells Fargo,5.0,"Current Employee, more than 5 years",Service Manager,"Benefits, career opportunities, job environment","Large corporation, does not have a small company feel","Nov 15, 2021",Service Manager
WF-70,Wells Fargo,5.0,Current Employee,Management is great!,Flexibility is pretty good at Wells.,Compensation can be much better.,"Nov 15, 2021",Asset Manager
WF-71,Wells Fargo,5.0,"Current Employee, more than 3 years",SQL DBA,Great institution with great social benefits,Doing same task over and over,"Nov 15, 2021",SQL Server Database Administrator
WF-72,Wells Fargo,5.0,"Current Employee, more than 5 years",Not terrible lol,"-Generous PTO balance
-Average health benefits 
-Decent 401k match
-Nice office space 
-Remote flexibility","-Bureaucratic 
-Out of touch leadership class 
-Unlikely that any of the bank's products contribute to the wellbeing of society
-Community support impetus is rooted in tax incentives, not actual altruism
-Archaic HR department 
-Difficult to make lateral or upward career moves, largely political and/or luck based advancement","Nov 15, 2021",Anonymous Employee
WF-73,Wells Fargo,5.0,Current Employee,N/A,A great place to work.,I will add comments later.,"Nov 15, 2021",Software QA Engineer
WF-74,Wells Fargo,5.0,"Current Employee, more than 1 year",WELLS FARGO IS FANTASTIC,"PAY, MEDICAL BENEFITS, SCHOOL BENEFITS and FRIENDLY ENVIRONMENT",Very little training was given but their is a lot of assistance,"Nov 16, 2021",Home Preservation Specialist
WF-75,Wells Fargo,4.0,Former Employee,Good Employer,"Great Benefits, insurance, PTO ,","I cant think of many con's , possibly the amount of politics but I think that is just every where","Nov 15, 2021",Business Banker
WF-76,Wells Fargo,4.0,Former Employee,Pretty good,There are some friendly people there,Some people are really rude and don’t know how to manage their employees,"Nov 16, 2021",Teller
WF-77,Wells Fargo,4.0,"Current Employee, more than 3 years",Okay,"Team members, bonus, holidays off, pto, health/dental/eye benefits,","District manager, customers, too much work and training without the possibility of overtime.","Nov 16, 2021",Teller
WF-78,Wells Fargo,5.0,"Current Employee, more than 1 year",Wells Fargo Review,"Great managers, and team members.",There is not much you can do about your work hours.,"Nov 15, 2021",Fraud and Claims Ops Specialist
WF-79,Wells Fargo,5.0,"Former Employee, more than 3 years",Great,"Awesome place to work at especially being part time, I received the same benefits as a full time employee",Not enough space to really move up and progress in the company.,"Nov 15, 2021",Bank Teller
WF-80,Wells Fargo,4.0,Current Employee,Call center rep,Easy work; basic customer service skills,"No cons, pay could be a little more","Nov 15, 2021",Custoner Service Representative
WF-81,Wells Fargo,5.0,Former Employee,Great JOb,Great company to work for.,Long days when you pull a full day shift,"Nov 13, 2021",Anonymous Employee
WF-82,Wells Fargo,5.0,Current Employee,Great place to work,"Good people, good benefits, good company!",No cons that I can think of,"Nov 13, 2021",Compliance Officer
WF-83,Wells Fargo,5.0,Current Employee,N/a,"Customer focused, so many resources and helpful partners, company takes your feedback into consideration",Not applicable nothing as a con,"Nov 13, 2021",Regional Services Consultant
WF-84,Wells Fargo,4.0,"Former Employee, more than 1 year",Not Your Average Small Town Bank,"Good benefits like; retirement plan offered, 4 months maturnity leave, heath insurance, etc.","Constant manager oberservation, your obligations include sharing digital services like the WF mobile app, mobile deposit, Zelle, etc., with almost EVERY customer you help. Another obligation is to try to refer our customers to sit with personal bankers for financial reviews. You can't just be an ""order taker"" with this job, they expect you to ask the customer questions to uncover possible financial needs. So you have to get comfortable asking these questions and also get good multitasking cause this is expected to be done while your completing their transactions.","Nov 14, 2021",Teller
WF-85,Wells Fargo,4.0,"Current Employee, more than 3 years",Interesting role,"Pay
I like the company and structure
Opportunities","So many emails
Metrics
Manager’s have not listened when presenting a concern about metrics","Nov 12, 2021",Fraud Specialist IV
WF-86,Wells Fargo,4.0,"Former Employee, more than 5 years",Great growth opportunities. Too many shifts in management over the last two years.,Great growth opportunities and work life balance. Good 401K contribution.,Issues with upper management shifts. Lower salaries than competitors,"Nov 13, 2021",Real Estate Asset Manager
WF-87,Wells Fargo,3.0,"Former Employee, more than 10 years",Overall it was good but changed,"Salary, PTO flexibility, development focused","Unmoored, lost its focus on all of the good A very political climate with too much emphasis on what people say in their specific interview format not balanced with what they have actually accomplished.","Nov 27, 2021",Division Sales Manager%2C Treasury
WF-88,Wells Fargo,5.0,Former Employee,Great company!,Great company to work for.,Not a lot of flexibility regarding the schedule.,"Nov 11, 2021",Customer Service Representative
WF-89,Wells Fargo,5.0,Current Employee,Legal Dept,Corporate culture is very work life balanced,Large company with many policies,"Nov 12, 2021",Senior Paralegal
WF-90,Wells Fargo,5.0,"Current Employee, less than 1 year",good service,good company to work for,theres no cons that i know of,"Nov 12, 2021",Customer Service Representative
WF-91,Wells Fargo,5.0,Current Employee,Great Company/Benefits,Great Company with great benefits and perks.,Feel like a robot doing the same thing over and over,"Nov 12, 2021",Phone Banker I
WF-92,Wells Fargo,4.0,Current Employee,Great maternity leave,16 weeks paid maternity leave,Tellers do not get bonuses,"Nov 11, 2021",Bank Teller
WF-93,Wells Fargo,4.0,Current Employee,Good benefits,Good benefits and opportunity to grow,They don't pay reasonably for the amount of responsibility one has.,"Nov 11, 2021",Service Manager
WF-94,Wells Fargo,4.0,"Current Employee, more than 3 years",Great company,"Good culture, work from home, benefits","Pay not great, long hours","Nov 11, 2021",Accounting Clerk II
WF-95,Wells Fargo,4.0,"Current Employee, less than 1 year",Great Culture,"Work life balance, great co workers, great management","Pay could be better across the board, but they are working on that to stay competitive.","Nov 11, 2021",Recruiter
WF-96,Wells Fargo,4.0,"Current Employee, more than 10 years",Loan servicing,"Good benefits - insurance, paid time off, etc",Not a lot of room for advancement,"Nov 11, 2021",Loan Servicing Specialist
WF-97,Wells Fargo,4.0,"Current Employee, more than 5 years",NULL,"remote since March 2020, good pay with consistent overtime pay; 1.5x hourly rate, decent benefits (tuition reimbursement, 6% 401k match, healthcare, etc), internal jobs board with salary ranges","sometimes overworked and would not be worth it if it were a salaried position, overall bank reputation not great reputation after 2016 scandals, hard to increase your salary through the Analyst levels 2-4","Nov 11, 2021",Senior Securities Analyst
WF-98,Wells Fargo,3.0,"Former Employee, more than 1 year",Good Place to Work,Pretty easy work. Just sit on the phone a review peoples credit card accounts and take payments. Plenty of advancement opportunities.,A lot of callers are angry due to fees on their accounts that they did not expect. About half the customers insist you are wrong and have no idea what you’re doing. Be prepared to be cursed at on a fairly regular basis.,"Nov 24, 2021",Account Resolution Specialist II
WF-99,Wells Fargo,5.0,Current Employee,great,"opportunity to move up in the company
benefits
Time off
competitive pay",hmm I can’t think of one,"Nov 10, 2021",Anonymous Employee
WF-100,Wells Fargo,5.0,"Current Employee, more than 8 years",General,"Flexibility, good management, good work place and co workers","Yearly raises are low, growth opportunities in parallel areas","Nov 10, 2021",Mortgage Underwriter
WF-101,Wells Fargo,5.0,Current Employee,Excellent organization,"Industry Leader, great advancement opportunities","Very large, managers turnover quickly","Nov 10, 2021",Relationship Banker
WF-102,Wells Fargo,5.0,Current Employee,Great company,Pay and benefits and schedule,The management is horrible and clliquy,"Nov 10, 2021",Customer Service Representative Banker Connection
WF-103,Wells Fargo,5.0,Current Employee,"Good benefits, ethical","Great PTO, health benefits, 401k, paid holidays, sales ethics are good",Difficult growth opportunities after my position,"Nov 10, 2021",Branch Manager
WF-104,Wells Fargo,5.0,"Current Employee, more than 1 year",Nice people,Corporate environment can be very confusing but don’t be afraid to ask questions and you’ll do well. Great pay and benefits.,"Customer service can be very tough, corporate structure means there is a lot of confusion at times.","Nov 11, 2021",Anonymous Employee
WF-105,Wells Fargo,4.0,Current Employee,Entry-level investment job in a call center.,Good benefits and they take care of their own.,The public hates Wells Fargo so the average customer treats their reps like crap.,"Nov 10, 2021",ICC Investment Resource Consultant I
WF-106,Wells Fargo,4.0,"Current Employee, more than 1 year",Good overall,"Normally not too stressful, good pay",Too much process and read tape,"Nov 10, 2021",Anonymous Employee
WF-107,Wells Fargo,4.0,Current Employee,good place to work,they offer good paid time off,they don don’t offer much in bonuses or pay increase,"Nov 11, 2021",Personal Banker
WF-108,Wells Fargo,4.0,Current Employee,Lead,Great Experience in customer service,At times not enough tellers for the demand.,"Nov 11, 2021",Teller At Wells Fargo
WF-109,Wells Fargo,3.0,Former Employee,Working for Wells,"get an account with percs and benefits
bonuses 
medical and vision","wells fargo treats their employees unfairly 
get treated like employee #1652801 instead of a human","Nov 24, 2021",Personal Banker I
WF-110,Wells Fargo,3.0,Current Employee,Chaotic,Competitive salary compared to its peers,Work/Life balance - very little to nonexistent,"Nov 24, 2021",Director
WF-111,Wells Fargo,3.0,Former Employee,Okay culture,They have good benefits packages,The biggest con is constant micromanagement,"Nov 24, 2021",Anonymous Employee
WF-112,Wells Fargo,3.0,Current Employee,Teller,The people and 401k benefits,Mangers that don’t really care about being there,"Nov 25, 2021",Teller
WF-113,Wells Fargo,4.0,Current Employee,Good company to work for,"Encourages diversity, values employees input and feedback, stable employment.","So many policies in place, makes it difficult to get things done quickly. Hard to advance when you are inside of company.","Nov 8, 2021",Software Engineer
WF-114,Wells Fargo,5.0,"Former Employee, more than 3 years",Financial Analyst,"good hours
good building
good people
good benefits
good opportunity",not alot of cons it depends on what area of work you are in,"Nov 9, 2021",Financial Analyst
WF-115,Wells Fargo,5.0,Current Employee,Great Company to work for,Decent pay and benefits with are hard to match,opportunities are slim in certain area,"Nov 9, 2021",Personal Banker
WF-116,Wells Fargo,5.0,"Current Employee, more than 1 year",Yes,Good working environment and great teamwork,No transparency on salary scales,"Nov 9, 2021",Business Support Consultant III
WF-117,Wells Fargo,5.0,Current Employee,.,great benefits and a culture,nothing to report at this time,"Nov 9, 2021",Relationship Banker
WF-118,Wells Fargo,5.0,Current Employee,good place to work with!,"With good teamwork and a management, you are able to grow.",their base pay is low.,"Nov 9, 2021",Bank Teller
WF-119,Wells Fargo,5.0,"Current Employee, more than 3 years",Great company,Great company to work for. New business model is great,"Nothing to complain about, great company atmosphere","Nov 9, 2021",Personal Banker I
WF-120,Wells Fargo,5.0,Current Employee,Great Place,Benefits and people are great,I can’t really think of Any,"Nov 10, 2021",Personal Banker
WF-121,Wells Fargo,2.0,"Former Employee, more than 3 years",WORK,"get to work from home, easy systems to follow, benefits","lack or leadership, management skills, no work life bal","Nov 24, 2021",Operations
WF-122,Wells Fargo,2.0,Former Employee,bad management,"set schedule, casual dress code",hypocritical management. managers gossip. some people break the dress code without a word spoken to them while others get reprimanded. poor experience overall.,"Nov 24, 2021",Customer Service Professional
WF-123,Wells Fargo,2.0,"Current Employee, more than 1 year",N/A,You get the bank holidays,There is no guidance for Growth in the company,"Nov 24, 2021",Commercial Credit Analyst
WF-124,Wells Fargo,2.0,"Current Employee, more than 3 years",Good comp,Great benefits food people co workers,Long hours long days tired,"Nov 25, 2021",Manager
WF-125,Wells Fargo,5.0,"Current Employee, more than 10 years",Wells Fargo,Wells Fargo offers great benefits.,Too many changes to management in the company.,"Nov 6, 2021",Operations
WF-126,Wells Fargo,4.0,Current Employee,Reorg,Good work life balance and supportive,Things are layered with a lot of procedures,"Nov 9, 2021",Anonymous Employee
WF-127,Wells Fargo,4.0,Former Employee,Great Staff,Great team and work enviroment,Sales culture adapted from the westcoast was completely different and much more agressive than Wachhovis,"Nov 9, 2021",Customer Service Representative (CSR)
WF-128,Wells Fargo,4.0,"Current Employee, more than 8 years",Like the job but not the pay,"Great Co workers, life/career balance, good managers, etc",Pay was not great for internals that were promoted. Difficult to get promoted. Favoritism was obvious.,"Nov 9, 2021",Fraud Claims Specialist
WF-129,Wells Fargo,4.0,Current Employee,Work,"-9-5 job 
-good team
-good benefits and perks","-boring job,do some thing over and over again","Nov 9, 2021",Technology Associate
WF-130,Wells Fargo,4.0,Current Employee,Good company,The Benefits are good and opportunity,I don’t have any cons to say,"Nov 10, 2021",Collections Specialist
WF-131,Wells Fargo,4.0,"Former Employee, more than 1 year",Advisor,The pay was decent and the job wasn’t difficult.,Not much upward mobility. Didn’t offer much career development as promised,"Nov 10, 2021",Anonymous Employee
WF-132,Wells Fargo,4.0,"Current Employee, more than 3 years",Decent pay,"Great benefits, decent pay , and PTO",Staffing issues can be stressful,"Nov 10, 2021",Bank Teller
WF-133,Wells Fargo,3.0,Current Employee,Dedicated Employee,"Peers, COVID flexibility, area branch managers","Over worked, Understaffed, not rewarded","Nov 23, 2021",Assistant Field support manager
WF-134,Wells Fargo,3.0,"Current Employee, more than 1 year","Great to their employees, lousy to their customers...","if you have any sort of disability or require special working conditions, even to the extent that you need to take several days off a month because of your mental/physical health, Wells Fargo is the place for you. All you need is for a doctor to fill out a 6 page form stating what your condition is and what accommodations you require. With said documentation, Wells will bend over backwards to accommodate your mental/physical condition, as well as any situations that arise within your family . Whether it's only being able to work 6 hours a shift, needing to take emergency, extended family leave for a non life-threatening situation or being allotted several excused absences per month because of a chronic medical condition, Wells Fargo will adapt the schedule, the work environment, to the individual's needs instead of trying to force them into an untenable work situation which would result in an unhappy, underproductive employee who wouldn't last very long.","They are a large. greedy corporate machine that sees numbers and not customers. I spend a lot of time teaching people about their lines of credit because the more they know, the harder it is for the bank to take money from them. I'm not allowed to tell them what ALL their options are or I get into trouble, but if no one tells them something is possible, how will they know to ask? I feel like I often work with the customer AGAINST the company! I just want to be able to offer the customers the best options possible without getting into trouble.","Nov 24, 2021",Home Equity Specialist
WF-135,Wells Fargo,3.0,Current Employee,Great Benefits but getting time off is nearly impossible,Benefits are great and Decent pay,"Not enough training and support. 
Impossible to schedule pto.","Nov 24, 2021",Customer Service
WF-136,Wells Fargo,5.0,Former Employee,Teller,"Hours, paid holidays, no weekends , training","Favoritism , hard to advance depending on management","Nov 8, 2021",Bank Teller
WF-137,Wells Fargo,5.0,"Former Employee, less than 1 year",Intern,Lots of resources and a great atmosphere,No benefits as an intern and hourly pay,"Nov 8, 2021",Wealth and Investment Management
WF-138,Wells Fargo,5.0,"Current Employee, more than 5 years",Awesome Job,"Great Manager, awesome position to work independently! Best Job I ever had Honestly!
Great work life balance!","Staying on top of material updates and changes. Hard to grow in this position, but not impossible. Many people get comfortable and stay in this position for years!","Nov 8, 2021",Learning and Development Facilitator
WF-139,Wells Fargo,2.0,Former Employee,Internal Audit is a nightmare at Wells,Pay is very competitive and benefits are good,"I quit Wells in 2020. Internal Audit at Wells has had a MAJOR exodus of people leaving in 2019-2021 because of several reasons. You have to log all your time and meet productivity requirements. Meetings, trainings, don’t count. You have to somehow reach a 96% efficiency. It’s kind of like being in work prison. There is little to no chance of advancement. You have to invest years here before you are even considered. Favoritism abounds here. The audit process and systems are so complicated And convoluted, you’re going to be confused 99% of the time. Everything is always changing. Processes , templates, methodologies….everything. All the senior management are so worried about career advancement they undertake projects to improve things. That creates a HUGE mess. The company is so big and there are so many different lines of business it’s always chaotic and crazy. Too much to know and too little time focusing on actual audit work. Roles are never defined and you never know what you are responsible for. Too much work and not enough down time. You can’t reach out and contact people. You will get reprimanded for contacting the wrong people and asking a question. Everyone is kept fearful of senior management.","Nov 23, 2021",Senior Internal Auditor
WF-140,Wells Fargo,2.0,Former Employee,Internal Audit is a nightmare at Wells,Pay is very competitive and benefits are good,"I quit Wells in 2020. Internal Audit at Wells has had a MAJOR exodus of people leaving in 2019-2021 because of several reasons. You have to log all your time and meet productivity requirements. Meetings, trainings, don’t count. You have to somehow reach a 96% efficiency. It’s kind of like being in work prison. There is little to no chance of advancement. You have to invest years here before you are even considered. Favoritism abounds here. The audit process and systems are so complicated And convoluted, you’re going to be confused 99% of the time. Everything is always changing. Processes , templates, methodologies….everything. All the senior management are so worried about career advancement they undertake projects to improve things. That creates a HUGE mess. The company is so big and there are so many different lines of business it’s always chaotic and crazy. Too much to know and too little time focusing on actual audit work. Roles are never defined and you never know what you are responsible for. Too much work and not enough down time. You can’t reach out and contact people. You will get reprimanded for contacting the wrong people and asking a question. Everyone is kept fearful of senior management.","Nov 23, 2021",Senior Internal Auditor
WF-141,Wells Fargo,4.0,Former Employee,WF,The main pro I can think of is Good benefits,The only con I can think of is below average pay,"Nov 8, 2021",Software Engneering
WF-142,Wells Fargo,4.0,"Current Employee, more than 3 years",Great employment opportunity,Loyalty to employees and advancement opportunities,A very large and somewhat segmented company,"Nov 8, 2021",Relationship Banker
WF-143,Wells Fargo,4.0,Current Employee,Good but Slow,Good company with comprehensive server,Slow adapting changes in some situation,"Nov 8, 2021",Analyst
WF-144,Wells Fargo,4.0,"Former Employee, more than 1 year",Good place to work,"Nice manager, work life balance",There isn’t a No career opportunity,"Nov 8, 2021",Anonymous Employee
WF-145,Wells Fargo,4.0,Current Employee,Great culture; a lot of transition,"Smart, caring colleagues
Good culture & DEI",New leaders cutting expenses and people,"Nov 9, 2021",Senior Regional Manager-Sales
WF-146,Wells Fargo,4.0,Current Employee,Perfect,Good empolyee Benefits and incentives,Long work Hours for employees,"Nov 9, 2021",Mortgage Loan Processor
WF-147,Wells Fargo,4.0,"Former Employee, more than 5 years",Ehh,Opportunities to grow in the company,but not so much the roles,"Nov 9, 2021",Business Banking Specialist
WF-148,Wells Fargo,3.0,Former Employee,Not enjoyable,Decent hours and good benefits,Cut throat management. Focused too much in numbers rather than customers.,"Nov 22, 2021",Manager
WF-149,Wells Fargo,3.0,"Former Employee, more than 10 years",It’s okay,Good benefits. Lots of time off.,Lots of pressure to produce.,"Nov 22, 2021",Relationship Manager
WF-150,Wells Fargo,3.0,Former Employee,Good management but poor pay,A lot of flexibility and good management,"Poor pay, long hours during production period each month.","Nov 23, 2021",Securities Analyst
WF-151,Wells Fargo,3.0,"Former Employee, more than 5 years",Quality Analyst,Great Teamwork. People are helpful.,Let people go without any notice. Hard to get promotion.,"Nov 23, 2021",Senior Quality Analyst
WF-152,Wells Fargo,5.0,Current Employee,Software Engineer,"Flexibility, ability to work from home.",Not much time for cross training.,"Nov 7, 2021",Software Engineer
WF-153,Wells Fargo,5.0,"Current Employee, more than 10 years",Wonderful Company,"Paid holidays, employer 401k contributions, generous PTO.",Company prefers in person work arrangements vs. permanent work from home.,"Nov 8, 2021",Business Systems Consultant
WF-154,Wells Fargo,5.0,Current Employee,Great benefits,I've been with WF for over 2 years now. They have great benefits and great opportunities to move forward.,There is no cons for working at WF.,"Nov 8, 2021",Mortgage Closer
WF-155,Wells Fargo,5.0,"Current Employee, more than 3 years",good company,good experience with the employees,compensation left a lot to be desired,"Nov 8, 2021",Customer Success Specialist
WF-156,Wells Fargo,4.0,Current Employee,Experience heavily impacted by COVID,Lots of PTO and holidays,Has some harsh regulations that can greatly impact your employment if you make a mistake,"Nov 7, 2021",Lead Teller
WF-157,Wells Fargo,4.0,Current Employee,Customer Service,Great benefits and Great Training,It’s hard to excel out of your position,"Nov 8, 2021",Escalated Complaints Specialist
WF-158,Wells Fargo,4.0,"Former Employee, more than 10 years",Great company,"Flexible, great people, interesting work and fun",It can be a bit political and meeting/ powerpoint obsessed,"Nov 8, 2021",Senior Vice President Product
WF-159,Wells Fargo,4.0,"Current Employee, more than 10 years","Some good things, some bad","Tuition reimbursement, 401k match, and overall benefits",Executive management is doesn't take care of it's people,"Nov 8, 2021",Enterprise Investigator
WF-160,Wells Fargo,3.0,"Former Employee, more than 1 year",The Cons Outweigh the Pros,"Friendly coworkers, Quarterly bonuses, Good benefits","Terrible management, Unrealistic job expectations, Horrible work environment, Oversteps personal boundaries","Nov 21, 2021",Bank Teller
WF-161,Wells Fargo,3.0,"Current Employee, more than 1 year",Incentives,"401k 6% match, benefits, good team connections",Minimal raise and promotions. Lacks on guidance for future.,"Nov 22, 2021",Quality Assurance
WF-162,Wells Fargo,2.0,"Current Employee, more than 3 years",Unethical,Jobs for those who have no educational background,"Overworked, underpaid, unethical and shady business.","Nov 21, 2021",Online Customer Service Representative
WF-163,Wells Fargo,4.0,"Current Employee, less than 1 year",Great job for starters in the Finance field.,"Base pay is the highest of all Teller positions of any other bank in the US.*

*High rate of pay depends on the state.",Employee shortages are still a problem.,"Nov 6, 2021",Bank Teller
WF-164,Wells Fargo,3.0,Current Employee,At least the benefits are ok,Used to be an incredible company to work for. The benefits decent. Pay more than some.,"They are sliding backwards, no pay increases. Benefits getting less. Employee appreciation now sucks. Only still there because it’s been over 15 years.","Nov 18, 2021",Technical Support Specialist
WF-165,Wells Fargo,3.0,"Former Employee, more than 3 years",Personal Banker I,"Consistent schedule, health and investment benefits","Predatory coaching, high-pressure sales environment, lack of fluidity, company politics","Nov 21, 2021",Personal Banker I
WF-166,Wells Fargo,2.0,Former Employee,Call center,"Mon to fri schedule
Good benefits
Off holidays","Call center environment
Stressful calls
Repetitive 
Strict daily schedule","Nov 21, 2021",Anonymous Employee
WF-167,Wells Fargo,5.0,Current Employee,Great place to work for,opportunities to excel in every department,I had no bad experience,"Nov 2, 2021",Administrative Receptionist
WF-168,Wells Fargo,4.0,"Former Employee, more than 10 years",Wells Fargo,"Wells Fargo has great benefits, and competitive salaries.","Very large company resulting in loss of your of position and dedication, and hard work.","Nov 5, 2021",Systems Analyst
WF-169,Wells Fargo,4.0,Current Employee,Work,Great benefits and time off,Nothing to share here na,"Nov 6, 2021",Personal Banker I
WF-170,Wells Fargo,3.0,"Former Employee, more than 3 years",Hectic,"Fast paced
Paid maternity leave
Fun work culture","Chaotic 
Rude customers 
Draining
Lots of rules","Nov 20, 2021",Teller
WF-171,Wells Fargo,3.0,Current Employee,Good stepping stone,Not super hardcore can be somewhat relaxing (depending on your team),Very bureaucratic and many levels/channels,"Nov 20, 2021",Software Engineer
WF-172,Wells Fargo,5.0,"Former Employee, more than 3 years",Good Company,Environment & people are good to work with.,The use of Technology is little behind,"Nov 4, 2021",Software Engineer
WF-173,Wells Fargo,5.0,Former Employee,Leadership Team is amazing,Great leaders and welcoming work environment,Work is repetitive so it is easy to get bored.,"Nov 4, 2021",Due Diligence Analyst
WF-174,Wells Fargo,5.0,Current Employee,Great,Great team environment to be in,Insurance benefits are not good,"Nov 5, 2021",Teller
WF-175,Wells Fargo,2.0,Former Employee,Obsessed with Diversity,"Good benefits, solid internal training","Obsessed with diversity, pay lags behind other banks, high customer volume","Nov 20, 2021",Bank Teller
WF-176,Wells Fargo,4.0,"Current Employee, less than 1 year",Great Company,"Nice People, good benefits, flexible.",lots of time on the phone,"Nov 4, 2021",Business Development Manager
WF-177,Wells Fargo,4.0,Current Employee,Great company,Great benefits Easy job easy interview process,No cons it’s a pretty laid back job,"Nov 4, 2021",Bank Teller
WF-178,Wells Fargo,4.0,"Current Employee, more than 1 year",Good,Work from home due to covid-19,"Very fast pase environment, you will be taking a lot of calls","Nov 5, 2021",Wells Fargo Bank
WF-179,Wells Fargo,4.0,"Current Employee, more than 8 years",Good Company,They are doing their best to make things right for their customers.,Extra heavy workloads with minimal staffing.,"Nov 5, 2021",Regional Services Consultant
WF-180,Wells Fargo,3.0,"Current Employee, more than 8 years",Good Company,A pretty good company to work for,The amount of work you have to do,"Nov 19, 2021",Show Control
WF-181,Wells Fargo,4.0,"Former Employee, more than 1 year",Fast-paced work enviroment,Solid industry exposure and experience working alongside financial professionals.,Limited career progression and not much initial training administered.,"Nov 1, 2021",Investment Analyst
WF-182,Wells Fargo,5.0,"Current Employee, more than 1 year",The best bank in the universe,"HR Team actively worked on concerns raised by the employees and resolved the issues.
From my bottom of my heart saying big thanks to HR Team.","Please track the number of working hours by employee, Question the employees if they are working late night.","Nov 3, 2021",Associate
WF-183,Wells Fargo,5.0,"Former Employee, more than 3 years",Depends on Manager ! Had an Amazing time !,"Friendly Managers
Good Work Life balance","No internal promotion/job transfer possible
Lot of Process related work, which dont help with your learning","Nov 3, 2021",Software Engineer
WF-184,Wells Fargo,5.0,Current Employee,Great job,"Great job, hours and support",It's a call center job.,"Nov 3, 2021",Personal Lending Consultant
WF-185,Wells Fargo,5.0,"Former Employee, more than 3 years",Great company,"Not sales focused. 
Cares about employees & coaching. 
Cares about customers needs. 
Benefits.",Working saturdays was not preferred.,"Nov 3, 2021",Leas Teller
WF-186,Wells Fargo,5.0,Current Employee,Truth,"Benefits , flexible, advancement, awesome managers, 401ks","Policy changes since COVID19, pay is not enough, upper management needs adjustment, maternity leave is short, no bonuses","Nov 3, 2021",Fraud Specialist III
WF-187,Wells Fargo,5.0,"Former Employee, more than 1 year",Its ok,Quarterly bonuses and chances to advance,Never enough staff and branch managers that dont deserve the position in the market. Need to know people to advance,"Nov 3, 2021",Bank Teller
WF-188,Wells Fargo,5.0,Current Employee,Strive for customers satisfaction,Customers are a priority period,You are over welmed with recognition,"Nov 3, 2021",Customer Accounts Manager
WF-189,Wells Fargo,5.0,Former Employee,Great,"Good place to work, nice people, interesting job",Doesn't give you much time off,"Nov 4, 2021",Junior Data Scientist
WF-190,Wells Fargo,5.0,Former Employee,Great,"Good place to work, nice people, interesting job",Doesn't give you much time off,"Nov 4, 2021",Junior Data Scientist
WF-191,Wells Fargo,5.0,"Current Employee, more than 3 years",Great people,Great leadership driving the back forward,Going through a lot of change so there are growing pains,"Nov 4, 2021",Technology Business Services Senior Associate
WF-192,Wells Fargo,5.0,"Current Employee, more than 8 years",.,Good company to work for.,No cons great company to work for.,"Nov 4, 2021",Data Analyst
WF-193,Wells Fargo,2.0,Former Employee,Loan Processor 3,"Nice people, flexible scheduling and PTO.","Mind-numbingly dull position, very repetitive, and the position was controlled down to the minute of what activity you were doing.","Nov 19, 2021",Research Assistant
WF-194,Wells Fargo,2.0,Current Employee,Standard,"Set schedule, guaranteed pay rate","Very short breaks, must adhere to strict time frames","Nov 19, 2021",Phone Banker
WF-195,Wells Fargo,4.0,Former Employee,Great place to work,Company encourages a Team environment,There was a lot of Sales pressure,"Nov 3, 2021",Branch Manager
WF-196,Wells Fargo,4.0,"Current Employee, more than 3 years",Good place to work,Health savings account contributed by WF,"Salary
Inexperienced managers
PTO time first three years is only fifteen days with no sick time","Nov 3, 2021",Fiduciary Administrator
WF-197,Wells Fargo,4.0,Former Employee,Good company but going through changes,"Opportunity to do a lot of diverse work, meet many different people.",Sometime too many cooks in the kitchen causing a lost of direction. Dealing with a lot of compliance makes the process more complicated. Not sure if they really value team members when looking elsewhere in company.,"Nov 3, 2021",Vice President
WF-198,Wells Fargo,4.0,"Former Employee, more than 1 year",good company bad management,"PTO is good
pay is not that bad","working at a call center breaks are not accurate do to line connectivity 
management is terrible","Nov 3, 2021",Bilingual Account Resolution Specialist II
WF-199,Wells Fargo,4.0,Current Employee,Great benefits,Great benefits with the company,Too big of a company sometimes,"Nov 3, 2021",Personal Banker
